shotnum,tstart,tend,ip,bcentr,density,ptot,rsurf,kappa,aminor,wmhd,wfast,wdot,pinj,pnbi,echpwrc,vloop,betan,taue,tauth,h_thh98y2,h_l89,cerqrott6,q95,tste_core,tsne_core,cerqtit6,cerqnzt6,n1rms,n2rms,nm1rms,tok,tinj,zefft6,ceratit6,cerarott6,nbvac21lt,nbvac21rt,pohm,pech,vsurf,area
193728,3130,3710,985082.5,-2.0281014442443848,32065058071369.28,8552583.0,1.755892038345337,1.4126629829406738,0.5704211592674255,749790.9375,346690.75,134.15354919433594,8520.2470703125,8531324.0,529.3829620677575,0.0535632222890853,2.525480031967163,0.0877386033535003,0.0471485443413257,0.9430423378944396,1.898870587348938,-62.94108963012695,2.7334349155426025,2428.400146484375,3.308866774191885e+19,5318.1484375,4.0303700976536125e+18,10.140830039978027,0.8156033158302307,1.4948813915252686,NT,6.8597822189331055,4.440927982330322,,,-0.0012669793795794,-0.0012885768665,,-348.8585205078125,0.2193793952465057,1.3084343671798706
193733,3060,3540,499327.09375,-2.020293474197388,21503570212230.36,4348896.0,1.6847755908966064,1.3595527410507202,0.6245275735855103,322057.75,215581.953125,-11190.21484375,4662.14599609375,4657250.0,-1.824370603240563,0.0690808966755867,1.996114611625672,0.0739859566092491,0.0244850870221853,0.6887401342391968,2.194525718688965,-52.40133666992188,7.182852745056152,1002.5086059570312,2.065706371172532e+19,1497.0908203125,1.0003417262645576e+18,1.433203101158142,0.0841102302074432,0.2971067428588867,NT,3.705758810043335,2.417063474655152,1510.6175537109375,-52.446388244628906,-0.0007430071709677,-0.0007200234103947,,140.18585205078125,0.0846482366323471,1.5415555238723757
193749,2120,2680,789712.375,-2.021085739135742,36721275217664.11,4006499.0,1.7344064712524414,1.4198307991027832,0.5570423007011414,463661.0625,105438.765625,28174.279296875,3989.782958984375,4000983.75,-5.685254040876357,0.2583640515804291,1.972880482673645,0.1165945008397102,0.0900832340121269,1.2582107782363892,2.0859503746032715,-91.43045806884766,3.331566095352173,1334.7296142578125,3.599857144431641e+19,1732.3631591796875,9.388454224477553e+17,1.23711097240448,0.0716535225510597,0.8589426279067993,NT,3.8222711086273193,1.7468620538711548,1759.89306640625,-91.3080825805664,-0.0006407376495189,-0.0007550187292508,136960.296875,232.6605529785156,0.1918359845876693,1.2644561529159546
193752,2210,2740,985601.375,-2.020182609558105,46479987348755.88,2957176.0,1.734380125999451,1.4493653774261477,0.5558599829673767,496603.875,50404.8671875,26220.060546875,2921.518310546875,2747455.5,-40.32717559990056,0.3064343631267547,1.6497124433517456,0.1697241514921188,0.1525090336799621,1.2462786436080933,2.087569236755371,-94.32884216308594,2.736681699752808,1430.0965576171875,4.76832772257617e+19,1645.607421875,1.2156945475819274e+18,1.1396424770355225,0.0792799592018127,1.7291444540023804,NT,2.7837955951690674,1.7163162231445312,1669.10009765625,-94.2393569946289,-0.0003739483654499,-0.0004062258522026,269086.46875,7.606969833374023,0.2843316197395324,1.2972620725631714
193753,2170,2720,986309.8125,-2.020202875137329,49715026727315.88,4143172.0,1.73503577709198,1.452255368232727,0.555849015712738,588195.1875,73078.671875,38568.38671875,3996.202880859375,3985440.5,-90.73240883026804,0.2460072338581085,1.9530260562896729,0.1433957666158676,0.1255842596292495,1.259644865989685,2.069981098175049,-101.29631805419922,2.75239896774292,1528.6427001953125,5.1446843954987794e+19,1794.694580078125,1.2403996117853798e+18,1.9089401960372925,0.1890385448932647,1.8570756912231443,NT,3.830132484436035,1.6897608041763306,1822.9671630859373,-101.20501708984376,-0.0006251538870856,-0.0006698034703731,240675.203125,230.16246032714844,0.2574742138385772,1.2961809635162354
193753,2920,3410,986397.5625,-2.023663282394409,47814680943482.766,5905485.0,1.7358006238937378,1.4542464017868042,0.5565156936645508,690821.625,125487.453125,8943.904296875,5919.4423828125,5840976.0,-86.67866510508584,0.2299126386642456,2.2900240421295166,0.117212064564228,0.0959176942706108,1.255241870880127,2.032515048980713,-101.66339874267578,2.778454065322876,1814.0228271484373,4.929419370184888e+19,2142.2275390625,2.1834112899492088e+18,4.481526851654053,0.3938098549842834,2.540604829788208,NT,5.05819034576416,2.289013862609864,2173.203125,-101.70377349853516,-0.000712942215614,-0.0008292433922179,214457.484375,-207.2684631347656,0.2134103775024414,1.296945333480835
193753,3580,3930,985663.5,-2.025204658508301,47159643966495.7,6759654.5,1.736354947090149,1.4555110931396484,0.5563682913780212,772826.75,157655.0,43947.265625,6979.67333984375,6742022.0,-101.84989285315808,0.1663069128990173,2.569063186645508,0.1151419878005981,0.0916559547185897,1.3218011856079102,2.1335349082946777,-110.6966323852539,2.7936182022094727,2049.947998046875,4.842714082241728e+19,2593.9169921875,2.970233630535713e+18,5.283747673034668,0.5109520554542542,3.2838001251220703,NT,6.0988874435424805,2.7649354934692383,2625.722412109375,-110.75294494628906,-0.001004967954941,-0.0011531449854373,216058.171875,-30.27501678466797,0.1867742240428924,1.2941818237304688
193753,4420,4950,985595.875,-2.034012079238892,46261687745743.27,7914034.0,1.7362924814224243,1.4588950872421265,0.5571949481964111,826615.0625,195978.890625,-13258.939453125,7941.9794921875,7918691.0,-74.44009022982141,0.2457715719938278,2.729369640350342,0.1043609306216239,0.0796143636107444,1.2932908535003662,2.099543333053589,-91.23189544677734,2.832677125930786,2122.04296875,4.607857958744123e+19,2873.923583984375,3.664961426935513e+18,7.08044958114624,0.4665899574756622,3.9469754695892334,NT,6.693807125091553,3.252932548522949,2899.9970703125,-91.13297271728516,-0.0011009710142388,-0.0012814467772841,191103.921875,152.13836669921875,0.1952259689569473,1.3005011081695557
193754,4380,5000,984842.5625,-2.031754970550537,56093526364783.11,7955850.0,1.7357614040374756,1.460904836654663,0.5562354922294617,844578.625,148780.796875,26767.859375,7981.0849609375,7974772.5,-64.14580660071664,0.187865599989891,2.796211242675781,0.1065511703491211,0.0877839028835296,1.3211100101470947,2.106006145477295,-96.54051971435548,2.833071708679199,1892.911865234375,5.664744599343805e+19,2312.620361328125,2.4133285171660063e+18,4.974812030792236,0.4742228984832763,3.0028462409973145,NT,6.729791641235352,2.252182483673096,2361.430908203125,-96.57917785644533,-0.0011784085072577,-0.0013432983541861,188188.265625,-303.8508605957031,0.1758491694927215,1.2958636283874512
193754,3680,4200,985360.375,-2.025768280029297,56699942298720.39,6793859.5,1.7357101440429688,1.4575318098068235,0.5560725331306458,800190.6875,120928.703125,-7767.86572265625,6964.38916015625,6766490.0,-117.93581461019326,0.1847329139709472,2.6589066982269287,0.1177247837185859,0.0999323204159736,1.3489351272583008,2.1555421352386475,-99.91022491455078,2.805037021636963,1808.0552978515625,5.781723400641498e+19,2160.541015625,2.118806048285393e+18,3.0101518630981445,0.3883143365383148,2.405994176864624,NT,6.088077068328857,2.088578462600708,2208.264892578125,-99.92706298828124,-0.0010705739259719,-0.0011930457549169,220393.0,111.1255874633789,0.1860524117946624,1.293494462966919
193754,3050,3520,985748.125,-2.022995710372925,57044182151595.2,5959521.5,1.7355302572250366,1.453714370727539,0.5560740828514099,719132.5,97674.46875,5661.078125,5957.67333984375,5880878.5,-121.3672297477418,0.247886523604393,2.392311811447144,0.1210313811898231,0.1045907661318779,1.2842499017715454,2.072948455810547,-91.70999908447266,2.777891159057617,1629.455078125,5.978706626218033e+19,1904.2169189453125,1.975621596802449e+18,2.6538567543029785,0.3243314027786255,2.0887036323547363,NT,5.102262020111084,2.0054521560668945,1944.9483642578125,-91.71392059326172,-0.0007424694485962,-0.0008533481159247,229919.640625,93.0789794921875,0.2146628648042678,1.292541742324829
193755,1600,2000,595291.625,-2.016687393188477,30650432588207.85,1238478.0,1.721582293510437,1.4026827812194824,0.5632472038269043,164630.703125,16849.697265625,50084.78515625,1279.823974609375,1087913.375,-45.6999130490988,0.5553901195526123,0.9228955507278442,0.1441050320863723,0.1293237805366516,1.0706369876861572,1.7989407777786257,-40.97160339355469,4.444719314575195,652.1344604492188,3.0428392761445057e+19,794.5682983398438,6.316407054160364e+17,0.0619068965315818,0.0030995798297226,0.3652413189411163,NT,1.1882202625274658,1.6306196451187134,808.6682739257812,-41.02378845214844,-0.0004400114994496,-0.0005710743716917,,-300.2981262207031,0.3528928756713867,1.2891875505447388
193755,2240,2740,592877.0625,-2.0173847675323486,30292102337558.12,2696497.0,1.732184648513794,1.408694624900818,0.5596129298210144,273024.375,69242.640625,14919.8759765625,2941.655029296875,2748306.5,-164.82712090414722,0.2424430102109909,1.5588961839675903,0.1019008234143257,0.076053112745285,1.1523085832595823,1.9579923152923584,-60.35310363769531,4.410289287567139,923.2728881835938,2.9659590042048262e+19,1165.2098388671875,6.952012048750346e+17,0.1714331209659576,0.0131548000499606,0.8433617949485779,NT,2.802239179611206,1.6882216930389404,1186.88232421875,-60.342166900634766,-0.0004816094296984,-0.0006208659615367,106588.0546875,-10.166288375854492,0.2036528289318084,1.2640247344970703
193755,3220,3700,592790.9375,-2.0200343132019043,30762537924816.617,4416095.5,1.7341866493225098,1.4034968614578247,0.5607368350028992,364932.125,139666.859375,11455.056640625,4836.5283203125,4619357.0,-106.22713492123016,0.1896310448646545,2.102001905441284,0.082862265408039,0.0511508621275424,1.0930083990097046,2.0381975173950195,-59.468482971191406,4.44959831237793,1097.143310546875,2.96957046009742e+19,1414.8734130859375,9.973245289189868e+17,0.8341436982154846,0.0572097450494766,1.082532525062561,NT,4.006678104400635,1.9744415283203125,1449.2545166015625,-59.83467483520508,-0.0006196720642037,-0.000820665678475,83754.90625,152.9702606201172,0.1332537531852722,1.2521138191223145
193757,1650,1980,594556.0625,-2.01607084274292,34617668063030.977,2344275.75,1.7321747541427612,1.3898649215698242,0.5684732794761658,238900.953125,40468.4453125,23102.865234375,2328.582763671875,2343202.5,-17166.923490707195,0.4797081649303436,1.3526805639266968,0.1029789224267005,0.0855367332696914,1.1076072454452517,1.813053727149964,-49.945899963378906,4.439877033233643,765.009765625,3.409208425245049e+19,977.4637451171876,7.722961427161416e+17,0.0897440984845161,0.0059534539468586,0.8625697493553162,NT,2.212033987045288,1.6359068155288696,995.5272216796876,-49.93745803833008,-0.0009221825748682,-0.0009908896172419,161351.53125,-17480.48046875,0.2598165571689605,1.2858257293701172
193757,3800,4260,591652.0625,-2.02133584022522,50582295114323.98,6385596.0,1.744632124900818,1.3840603828430176,0.5673628449440002,443731.03125,98204.3359375,17276.201171875,6958.7470703125,6742542.0,-17134.867912731122,0.1857599914073944,2.597379684448242,0.0696962401270866,0.0542743504047393,1.229200005531311,1.9579744338989256,-68.26634216308594,4.502648830413818,1092.620361328125,4.254241385307177e+19,1507.3665771484375,1.3494985156125e+18,1.7904767990112305,0.1902325600385666,1.0555635690689087,NT,6.084216117858887,1.8764933347702024,1548.22021484375,-68.3933334350586,-0.0013913819566369,-0.001536110881716,82454.78125,-17545.54296875,0.1283503025770187,1.243979573249817
193757,2820,3500,591833.875,-2.019418716430664,49306027618431.93,5559084.0,1.7434663772583008,1.3853915929794312,0.5670632719993591,397362.28125,82047.15625,29633.3515625,5914.6064453125,5837411.5,-17133.78172654182,0.2472145855426788,2.3145201206207275,0.0719045847654342,0.0570613555610179,1.1822065114974976,1.8865567445755005,-56.11938095092773,4.463927745819092,984.7021484375,4.45061372222332e+19,1289.6483154296875,1.3648115514914898e+18,1.2433735132217407,0.1175962314009666,0.866944432258606,NT,5.058524131774902,1.8635777235031128,1322.54443359375,-56.23680114746094,-0.0010854764841496,-0.0011879676021635,101149.953125,-17238.138671875,0.1637887060642242,1.2501873970031738
193757,4340,4700,591686.25,-2.021930932998657,51403059990998.18,7516838.0,1.7459648847579956,1.3891581296920776,0.5674209594726562,476474.59375,121252.6484375,8847.634765625,7967.2890625,7946300.5,-17125.051276447608,0.1832446902990341,2.7842304706573486,0.0634751692414283,0.0473215393722057,1.196054220199585,1.9296256303787231,-72.96771240234375,4.5509443283081055,1204.6236572265625,4.229368233263628e+19,1664.013671875,1.3501978050077655e+18,1.9779096841812127,0.3920535743236542,1.3098113536834717,NT,6.71856689453125,1.8851698637008667,1710.2615966796875,-73.22758483886719,-0.0015451381914317,-0.0017234069528058,68722.90625,-16738.994140625,0.1126772761344909,1.2452940940856934
193759,3000,3520,590390.625,-1.21717369556427,48960577529942.89,5640525.5,1.7440921068191528,1.387728571891785,0.5670728087425232,336727.53125,71205.140625,18766.7265625,5947.296875,5851438.0,-51.38717200102548,0.3237043619155884,3.2619705200195312,0.0599227808415889,0.047252632677555,1.0695277452468872,1.756225824356079,-59.80120849609375,2.7048985958099365,913.0319213867188,5.014290232928266e+19,1248.602783203125,1.297661352726233e+18,5.431607723236084,0.6104363799095154,1.9334243535995483,NT,5.09086799621582,1.7600212097167969,1290.0762939453125,-60.084617614746094,-0.0006861483561806,-0.000804973882623,161282.09375,774.0254516601562,0.2586480975151062,1.2517540454864502
193759,3830,4140,589382.8125,-1.2180964946746826,49480083670702.76,6461117.0,1.7426631450653076,1.3896578550338743,0.5676550269126892,340255.09375,80867.625,-17421.70703125,6899.80029296875,6732271.5,-64.65260293717886,0.276858776807785,3.299504280090332,0.052550584077835,0.0400605760514736,0.9996607303619384,1.6569647789001465,-63.71321487426758,2.7315356731414795,898.7736206054688,4.888769985501358e+19,1269.7589111328125,1.339864594729927e+18,6.032640933990479,0.6578251123428345,2.1560137271881104,NT,6.030633926391602,1.784566044807434,1311.2919921875,-63.94937133789063,-0.000926976557821,-0.0011138904374092,158026.6875,628.2205810546875,0.2591583728790283,1.2543375492095947
193761,3340,4020,588123.3125,-1.2164437770843506,59869513530269.95,4488600.0,1.7415082454681396,1.395350456237793,0.566951334476471,306643.84375,34036.26953125,531.2516479492188,4811.69140625,4583823.0,-37.61703349120406,0.3794173002243042,2.959298610687256,0.0683806240558624,0.060792963951826,1.0849146842956543,1.7616736888885498,-49.9081916809082,2.726896047592163,750.3228759765625,5.721028159765008e+19,971.6220092773438,1.6778165359571108e+18,3.50707745552063,0.4423954486846924,1.5491520166397097,NT,3.983781576156616,1.82884681224823,1003.12939453125,-50.22750473022461,-0.000667882617563,-0.0004368062363937,192939.546875,-185.9200897216797,0.3286776542663574,1.264403223991394
193761,4400,4750,586790.625,-1.2176190614700315,59988428512056.5,5655844.5,1.7405823469161987,1.3881937265396118,0.571244478225708,322663.53125,45533.91015625,1467.51416015625,5898.974609375,5845130.5,-37.293155376816834,0.3328687846660614,3.124288558959961,0.0570775456726551,0.0490223318338394,1.0318361520767212,1.6544744968414309,-48.65919876098633,2.7705187797546387,810.8779907226562,5.673209959268378e+19,1037.128173828125,1.6922356688827187e+18,4.565755367279053,0.5689591765403748,1.6944572925567627,NT,4.689449310302734,1.828104376792908,1072.0831298828125,-49.04818344116211,-0.0008454106864519,-0.0006583594367839,181861.328125,219.3716583251953,0.3037836253643036,1.2717034816741943
193763,3460,4200,983749.9375,-2.026247978210449,60263032940956.51,4766959.5,1.7346118688583374,1.4566185474395752,0.5562991499900818,622182.75,62745.0,9966.7255859375,4839.2861328125,4610736.0,-53.61051923289072,0.2982456088066101,2.060152053833008,0.130858227610588,0.1176609769463539,1.2095003128051758,1.996704697608948,-73.81710815429688,2.7933950424194336,1419.0572509765625,6.26480394981186e+19,1538.7965087890625,1.799785498265256e+18,1.9184986352920528,0.1735921055078506,1.792680740356445,NT,4.010600566864014,1.874087691307068,1569.3309326171875,-73.85018920898438,-0.0004639271355699,-0.0005378916976042,274489.09375,-112.68775939941406,0.263763427734375,1.2999926805496216
193763,4320,4920,982803.6875,-2.0336410999298096,58945785539956.84,5932854.5,1.7347722053527832,1.4614852666854858,0.5561190247535706,678347.5,87625.3046875,7239.5068359375,5896.40673828125,5841969.0,-14.854430217185069,0.2441226840019226,2.236210584640503,0.1146040856838226,0.0998081564903259,1.2020554542541504,1.9511526823043823,-78.2723159790039,2.825969934463501,1555.5091552734375,6.015722344874089e+19,1708.580078125,1.913435005841834e+18,2.3631017208099365,0.2327965795993805,2.22808837890625,NT,4.681166648864746,1.9579867124557493,1744.4892578125,-78.2861557006836,-0.000615180179011,-0.0007231798372231,232322.3125,480.4504089355469,0.226761594414711,1.3019431829452517
193765,3820,4300,983855.0625,-2.023175001144409,68101587136912.22,6569671.0,1.7350409030914309,1.4597128629684448,0.5556573271751404,728580.25,79644.578125,88785.9765625,6738.37890625,6491123.0,-51.76370433131527,0.2129450440406799,2.422983407974243,0.1126562654972076,0.1003444269299507,1.213512897491455,1.977402806282044,-82.11727142333984,2.804325580596924,1481.444091796875,6.908088620804997e+19,1646.1556396484375,2.08317829813266e+18,1.9279708862304688,0.3367086946964264,1.431129813194275,NT,5.8731303215026855,1.9072107076644893,1688.4703369140625,-82.0702896118164,-0.0008833982865326,-0.0013295488897711,272863.75,97.78250885009766,0.232621818780899,1.2952601909637451
193765,5140,5700,983486.875,-2.0293898582458496,65609895363183.26,9099150.0,1.7354696989059448,1.4660677909851074,0.55621737241745,858228.1875,131429.4375,52249.59375,9108.2978515625,9124527.0,-114.13147354125977,0.1968131512403488,2.8419692516326904,0.0949174016714096,0.0803838595747947,1.2408777475357056,1.971447467803955,-83.94126892089844,2.857543468475342,1749.209716796875,6.496597273719131e+19,2021.539794921875,2.422932201478816e+18,3.6394410133361816,0.5645470023155212,2.231905221939087,NT,7.424714088439941,2.0920863151550293,2074.279541015625,-83.95196533203125,-0.0009913605172187,-0.0015055574476718,242956.65625,-114.1314468383789,0.1923708021640777,1.299809813499451
193765,2280,2760,985093.875,-2.018068790435791,60896880383339.484,4071470.0,1.7345577478408811,1.4504055976867676,0.5555614233016968,589665.3125,50040.046875,58611.6796875,3925.94384765625,3885372.75,-81.94822241353339,0.2981660068035126,1.9677445888519287,0.1474800109863281,0.1349517405033111,1.2278879880905151,2.0636768341064453,-88.65065002441406,2.7470648288726807,1359.458984375,6.3200746401215545e+19,1530.5,1.380799687509934e+18,1.484905481338501,0.1385821402072906,1.543145775794983,NT,3.766530513763428,1.6497548818588257,1560.409912109375,-88.56317138671875,-0.0003913509717676,-0.0007744903559796,262289.40625,661.5896606445312,0.2817168533802032,1.2920100688934326
193765,4500,4900,983524.625,-2.024735689163208,66737600877794.85,7756961.0,1.7354514598846436,1.4613381624221802,0.5558186769485474,793168.3125,103892.5390625,3185.91845703125,7749.46875,7730750.5,-96.1202420922551,0.2059038430452346,2.638154983520508,0.1023479551076889,0.0889436304569244,1.2284263372421265,1.968822240829468,-83.78474426269531,2.8212718963623047,1585.927978515625,6.635524086325838e+19,1818.4295654296875,2.17216644709299e+18,2.024836540222168,0.3590517938137054,1.6852059364318848,NT,6.540253639221191,1.966033935546875,1866.351806640625,-83.74800872802734,-0.0009406866156496,-0.0014647532952949,258286.71875,8.476213455200195,0.2096093744039535,1.295379400253296
193769,4100,4680,981171.75,-2.0233817100524902,65166326694224.15,4498203.5,1.7345844507217407,1.4430270195007324,0.5561861395835876,443398.21875,37402.94921875,7027.45751953125,4162.7587890625,4118659.75,13.965748622760456,0.4625019431114197,1.4849817752838137,0.0987495556473732,0.0904204472899437,0.8714526295661926,1.4625505208969116,-0.1873992532491684,2.741887092590332,996.6708374023438,6.7937332542511776e+19,1031.966064453125,2.030306082487796e+18,0.5174665451049805,0.0209939442574977,0.8298975229263306,NT,0.31787770986557,1.901551604270935,1058.1390380859375,-0.4143734574317932,-0.0012706883717328,5.07226037979126,392519.53125,-42.38909149169922,0.4898981750011444,1.2918034791946411
193769,2880,3345,983690.75,-2.019407033920288,62320006021664.88,5405932.5,1.7347793579101562,1.4392482042312622,0.5560310482978821,451507.09375,41802.86328125,-14700.5302734375,4153.740234375,4134175.0,928304.9471898184,0.4181484282016754,1.51541268825531,0.0833003893494606,0.0755875930190086,0.8453237414360046,1.361272215843201,1.633236527442932,2.7154242992401123,1057.288330078125,6.497927242984089e+19,1078.9249267578125,1.9206218261578383e+18,0.6333406567573547,0.031373955309391,0.8464104533195496,NT,0.3168670237064361,1.886907935142517,1106.5833740234375,1.4220644235610962,-0.0011878559598699,5.072197437286377,430920.6875,930302.4375,0.4346680641174316,1.2870498895645142
193770,2040,2760,984873.6875,-2.01702094078064,56036033352381.9,3554940.75,1.7335233688354492,1.432744026184082,0.5563709735870361,379466.875,23777.64453125,45045.0625,2245.235595703125,2212904.5,941419.4636960976,0.4577193260192871,1.276026964187622,0.1082706674933433,0.1014801710844039,0.8786011934280396,1.440561294555664,-0.4776759743690491,2.689013957977295,1014.2009887695312,5.937800835422906e+19,1020.2767333984376,1.6675914901356544e+18,0.3088677227497101,0.0167222302407026,0.7260282635688782,NT,0.3458556532859802,1.8472204208374023,1044.857421875,-0.7808208465576172,-0.0010052054421976,2.511599063873291,464140.09375,941600.625,0.4648299217224121,1.2856183052062988
193770,2880,3520,983417.9375,-2.019181489944458,59631230788023.75,5316013.0,1.7339764833450315,1.4360039234161377,0.5565849542617798,454485.28125,45769.23828125,-10846.9296875,4164.9599609375,4131529.25,879138.6635763083,0.3904885351657867,1.5281915664672852,0.0853916034102439,0.0767930522561073,0.8651570677757263,1.390621781349182,3.1201164722442627,2.713552951812744,1124.3016357421875,6.3239629530420216e+19,1142.3123779296875,1.832901001787474e+18,0.5532976984977722,0.021935136988759,0.8699434995651245,NT,0.3224843740463257,1.8814431428909304,1182.464599609375,2.645150899887085,-0.0015448746271431,5.07181453704834,424065.375,855006.3125,0.4229564368724823,1.28634512424469
193770,3520,4560,981757.4375,-2.0209317207336426,60869043623490.05,4480898.0,1.733829379081726,1.4381191730499268,0.5566574931144714,439140.6875,42609.890625,-6142.1708984375,4182.00048828125,4133954.0,-85.90667170918015,0.4299412071704864,1.475360631942749,0.0978940203785896,0.08839663118124,0.8777757883071899,1.4614394903182983,-0.1833015978336334,2.7284059524536133,1037.4517822265625,6.399973071479479e+19,1085.6219482421875,1.8760429518433807e+18,0.6923842430114746,0.0200230199843645,0.8147741556167603,NT,0.3335894048213959,1.886177897453308,1114.71044921875,-0.5189460515975952,-0.0015608987305313,5.071829795837402,446737.28125,-217.3394927978516,0.4494938850402832,1.2891435623168943
193771,3850,4150,590673.4375,-2.019774913787842,41497827714570.24,4078290.25,1.7408220767974854,1.3919190168380735,0.5665236711502075,256080.09375,54312.57421875,-6025.86083984375,4173.6015625,4138872.25,-156.52546048144504,0.3769378364086151,1.4692856073379517,0.0627002790570259,0.0494022779166698,0.8831808567047119,1.4407062530517578,3.908586025238037,4.421954154968262,727.0386352539062,4.272461172588728e+19,891.5798950195312,1.169445377665925e+18,0.1318648308515548,0.0084616737440228,0.760776162147522,NT,0.3272057771682739,1.830904483795166,913.7566528320312,3.7133092880249023,-0.0013456848682835,5.071881771087647,205878.984375,-46.5858039855957,0.3234370350837707,1.270385980606079
193771,2840,3520,592091.3125,-2.018268823623657,40814633830824.7,4889729.5,1.7415616512298584,1.3902934789657593,0.5672656893730164,284142.71875,61848.76953125,-22317.396484375,4157.7080078125,4135039.0,877964.3521436695,0.3114356994628906,1.6301411390304563,0.0578814931213855,0.0452829152345657,0.9237533807754515,1.4567979574203491,9.48342990875244,4.419600963592529,839.4512939453125,4.098661369586175e+19,945.659423828125,1.1878727802305905e+18,0.1387104541063308,0.0198694355785846,0.7905598878860474,NT,0.3145856559276581,1.8516249656677248,976.5435791015624,9.211212158203123,-0.0013677892275154,5.071878910064697,154780.75,856193.875,0.252260684967041,1.2694971561431885
193774,2280,2720,592576.4375,-1.6243789196014404,41676340021646.45,4693279.0,1.74114990234375,1.387097954750061,0.5670571327209473,328535.09375,,8228.8466796875,3889.092529296875,3868570.5,945736.3462035564,0.256989449262619,2.3613121509552,0.0701309964060783,,,,-52.68927001953125,3.5797927379608154,984.3348999023438,4.36970725860505e+19,1178.4310302734375,1.0074012781096468e+18,0.7912650108337402,0.1178085505962371,1.37542986869812,NT,3.7419753074646,1.687164306640625,1203.89111328125,-52.707855224609375,-0.000579718966037,-0.0006548233795911,113633.859375,946014.625,0.1973301023244857,1.2571412324905396
193774,1580,2000,594831.125,-1.6207900047302246,40784371384481.37,3190205.5,1.7293381690979004,1.3862303495407104,0.5694170594215393,252028.09375,,39570.1640625,2213.741943359375,2204289.75,955597.5087675574,0.4526822865009308,1.7823127508163452,0.0802643448114395,,,,-35.16688537597656,3.605661869049072,833.2103881835938,4.34201715777114e+19,899.9628295898438,9.64700438374908e+17,0.4578994810581207,0.0270175114274024,1.2547602653503418,NT,2.113767623901367,1.6845260858535769,918.38134765625,-35.20148086547852,-0.0005083697033114,-0.0005535597447305,159354.734375,956374.25,0.2604454159736633,1.279654622077942
193774,3000,3500,592597.5,-1.6295729875564575,42414144200303.77,6350183.5,1.7426053285598757,1.3834164142608645,0.5679849982261658,375182.875,,21404.78125,5793.74267578125,5715351.0,921946.6267299422,0.2569842338562011,2.704540491104126,0.0594180226325988,,,,-50.616973876953125,3.609904766082764,1078.291748046875,4.329988060758619e+19,1294.82568359375,1.300555954525307e+18,3.1229772567749023,0.3020112216472626,1.6673262119293213,NT,4.95918607711792,1.8895224332809448,1329.0079345703125,-50.80664443969727,-0.0008119837730191,-0.0009031709050759,104226.9453125,889791.6875,0.1687133610248565,1.25006103515625
193775,1650,1980,791730.0625,-2.016434669494629,44527055167724.71,3300765.75,1.7344340085983276,1.399193286895752,0.5665234327316284,352816.25,33287.2421875,42952.9765625,2210.363525390625,2217047.5,950701.680787002,0.5096818208694458,1.4946016073226929,0.1083209365606308,0.098101407289505,1.1015714406967163,1.7222833633422852,-42.59714126586914,3.3532497882843018,1071.5966796875,4.577230402645446e+19,1142.9757080078125,1.0740162208706068e+18,0.4432994425296783,0.0195899754762649,0.9204745292663574,NT,2.112890243530273,1.7101565599441528,1161.930419921875,-42.65068817138672,-0.0009128329111263,-0.0010333781829103,203743.859375,952642.125,0.2973233461380005,1.2896515130996704
193775,4380,4840,790459.3125,-2.026623010635376,39251537065314.56,7552486.5,1.7449803352355957,1.4089237451553345,0.5663846135139465,665887.3125,219669.375,-22478.005859375,7752.84521484375,7736788.0,-156.29325931044508,0.1629160642623901,2.838994264602661,0.0879714265465736,0.0589469633996486,1.2467824220657349,2.1392087936401367,-100.11649322509766,3.4368927478790283,1905.4093017578125,3.840407638649497e+19,2791.160400390625,2.317319161828606e+18,4.401629447937012,1.1840052604675293,1.803005576133728,NT,6.542877674102783,2.7174432277679443,2820.703125,-100.32939910888672,-0.0014334971783682,-0.0016973933670669,111873.796875,-285.0179748535156,0.1161472797393798,1.278159737586975
193775,3680,4160,790363.9375,-2.022857904434204,40477816757998.86,6388178.0,1.744465470314026,1.4051588773727417,0.5660978555679321,620343.9375,170851.265625,-8653.6875,6735.96728515625,6528194.5,-142.81010246952303,0.1756537407636642,2.6536669731140137,0.0970335602760315,0.0703163594007492,1.3107370138168335,2.167407512664795,-96.82103729248048,3.395634651184082,1668.617919921875,4.144866806427183e+19,2309.111328125,1.799873734073385e+18,4.774456977844238,0.5417782664299011,1.5693405866622925,NT,5.90039587020874,2.272233724594116,2342.02783203125,-96.91690063476562,-0.0013401302276179,-0.001550214132294,121124.71875,-476.4553527832031,0.1301167607307434,1.2745481729507446
193775,2280,2750,790871.5,-2.018981695175171,45178480792088.48,4802577.5,1.742759108543396,1.405699610710144,0.5647324323654175,462583.84375,70486.7421875,20752.705078125,3902.92529296875,3872135.0,917945.1320936604,0.2737429738044739,1.9709110260009768,0.0967901647090911,0.0820388197898864,1.19111967086792,1.850547432899475,-66.10147857666016,3.3431644439697266,1308.29150390625,4.619836918026417e+19,1495.1082763671875,1.3337301444806574e+18,1.6043773889541626,0.0598684474825859,1.0982290506362915,NT,3.754193782806397,1.84612238407135,1520.6959228515625,-66.090087890625,-0.0008923468994908,-0.0010229527251794,161798.421875,918368.6875,0.2074052840471267,1.2791708707809448
193775,3150,3450,790239.8125,-2.0210835933685303,41218299505232.81,6532907.5,1.744080662727356,1.4018059968948364,0.5657970309257507,551956.5625,136639.109375,5901.796875,5805.0849609375,5719359.5,907509.3277578736,0.20103520154953,2.3649978637695312,0.0845806375145912,0.0636458545923233,1.19528329372406,1.9076863527297967,-74.98219299316406,3.3579530715942383,1511.9149169921875,4.238583020313693e+19,1888.3983154296875,1.910413685327659e+18,3.789230108261109,0.1776211857795715,1.4082578420639038,NT,4.969170093536377,2.3254823684692383,1918.250732421875,-75.01876831054688,-0.0010534093016758,-0.0012172299902886,136166.15625,908118.5625,0.1645834594964981,1.2727981805801392
193776,2200,2740,789701.125,-1.6257256269454956,40201419610404.38,4828247.0,1.7424466609954834,1.410467267036438,0.5641539692878723,437299.65625,82795.234375,37728.3046875,3894.80908203125,3875436.5,923164.5931916026,0.2616216242313385,2.308706521987915,0.0913521125912666,0.074059210717678,1.1647660732269287,1.846870303153992,-77.67560577392578,2.7086308002471924,1394.6185302734375,4.321534575559626e+19,1640.7381591796875,1.124717656964858e+18,2.314953088760376,0.2393321543931961,2.342175006866455,NT,3.747762680053711,1.721103310585022,1674.1181640625,-77.6029052734375,-0.0006736311479471,-0.0005424899281933,173669.875,923926.125,0.2151287794113159,1.282406449317932
193776,2860,3420,789650.5625,-1.635058879852295,38921689441023.984,6561627.5,1.7433751821517944,1.4096156358718872,0.5651236176490784,516960.3125,144022.625,16737.2578125,5796.533203125,5723322.0,913042.0384619676,0.2388238161802292,2.7208328247070312,0.0790066123008728,0.0569976642727851,1.1293933391571045,1.870704770088196,-72.623779296875,2.7397336959838867,1599.6246337890625,4.107277582506079e+19,1979.7593994140625,1.7907758251093524e+18,4.8733744621276855,0.3372727334499359,3.093585968017578,NT,4.962428092956543,2.1964099407196045,2012.1195068359373,-72.72416687011719,-0.0007808836526237,-0.0007117773639038,157010.0,913338.375,0.1881813406944275,1.280001878738403
193777,2180,2660,788670.8125,-1.613581895828247,46211574782287.37,3891296.0,1.742501735687256,1.4107986688613892,0.5642343759536743,472645.90625,67890.828125,-7911.42578125,3864.72900390625,3843201.0,-7.297266813233897,0.2817280888557434,2.518706560134888,0.1214003562927246,0.1039684414863586,1.341525316238403,2.187176465988159,-96.12720489501952,2.69642186164856,1303.3118896484375,5.02493042685258e+19,1748.81005859375,1.0064783068176056e+18,2.2874178886413574,0.4017141759395599,2.086840867996216,NT,3.718238115310669,1.6001522541046145,1784.9837646484375,-96.01333618164062,-0.0003024220932275,-0.0008279143949039,186110.8125,204.62484741210932,0.2328944653272628,1.2812684774398804
193777,1580,2020,789753.8125,-1.6120765209197998,47072844740357.39,2408360.75,1.7326651811599731,1.4013267755508425,0.5672131776809692,356310.03125,30549.8046875,125754.671875,2294.13134765625,2245032.0,-10.29609147305787,0.5091220736503601,1.888460397720337,0.1585784405469894,0.1449226140975952,1.2727761268615725,2.1771512031555176,-74.2129898071289,2.7122719287872314,1035.19091796875,5.178702405652867e+19,1247.6422119140625,1.154786551205462e+18,1.246453046798706,0.1426442861557006,1.93392276763916,NT,2.1923208236694336,1.685782551765442,1266.537841796875,-74.15925598144531,-0.0003134318394586,-0.0007946085534058,243046.609375,-411.6226196289063,0.3135831654071808,1.2945618629455566
193777,2900,3500,788369.9375,-1.615870714187622,44712252151299.62,5614773.5,1.743471622467041,1.410351037979126,0.5649665594100952,514008.15625,112285.3203125,-6957.23779296875,5746.0771484375,5665264.0,-42.71150158441183,0.2690259516239166,2.7402193546295166,0.0916713401675224,0.0716447308659553,1.2079386711120603,1.9878191947937007,-72.85140991210938,2.71324110031128,1399.1951904296875,4.779840049123636e+19,1811.2513427734373,1.3769320179202785e+18,4.250126838684082,0.7178476452827454,1.7723037004470823,NT,4.912381172180176,1.870653510093689,1852.1942138671875,-72.89366149902344,-0.0004356373974587,-0.0009736740030348,178777.890625,378.9933166503906,0.214644119143486,1.2799317836761477
193778,5180,5600,982299.625,-2.0326192378997803,83196896327370.48,7215795.0,1.7430520057678225,1.438686490058899,0.5648855566978455,739792.9375,60253.22265625,-17446.775390625,7118.1220703125,7098027.0,-77.12123036384583,0.2896247506141662,2.4583864212036133,0.1023203358054161,0.0939881801605224,1.1301432847976685,1.8583344221115112,-73.39400482177734,2.8380472660064697,1311.966064453125,8.29297937117956e+19,1512.8365478515625,2.9683845268557005e+18,1.977346420288086,0.4185525476932525,1.0136045217514038,NT,6.183109760284424,2.046698093414306,1543.9281005859375,-73.39398956298828,-0.0010735776741057,-0.0015558768063783,332061.96875,-77.12122344970703,0.2915063202381134,1.315765619277954
193778,2160,2720,985895.5,-2.0181102752685547,55919521655930.766,4082566.5,1.7427451610565186,1.429183840751648,0.5631604790687561,589338.5625,57482.5234375,17424.046875,3896.162353515625,3893366.5,9.124821322590696,0.3125409483909607,1.9728844165802,0.145235538482666,0.1310730725526809,1.246219515800476,2.0608391761779785,-97.63606262207033,2.735078811645508,1426.5408935546875,6.017193931236704e+19,1719.699951171875,1.412790940392751e+18,1.6404768228530884,0.1389777064323425,1.5965936183929443,NT,3.749176263809204,1.7095426321029663,1748.2369384765625,-97.54959106445312,-0.0006356011726893,-0.0010380009189248,268083.6875,730.623046875,0.2869770526885986,1.3044041395187378
193778,4100,4660,983336.0625,-2.024376630783081,83686128062441.0,5880134.0,1.743227243423462,1.4365967512130735,0.5645459294319153,691912.5625,45817.7578125,-8728.900390625,5753.54931640625,5699999.5,41.46705955118486,0.341077446937561,2.305760622024536,0.1176239773631095,0.1098353713750839,1.1428143978118896,1.9269882440567017,-72.30039978027344,2.805371761322021,1222.773193359375,8.600152133654597e+19,1401.2264404296875,2.850275262677909e+18,1.694016695022583,0.3518488705158233,0.9432294368743896,NT,5.293585777282715,2.000466108322144,1427.6982421875,-72.28148651123047,-0.0010081420186907,-0.0014742627972736,330487.78125,389.1076354980469,0.3168667554855346,1.3144187927246094
193779,3000,3520,589424.8125,-1.6198147535324097,40939327021551.17,4807346.0,1.7400846481323242,1.4007819890975952,0.5654732584953308,234319.625,58830.140625,30908.21484375,4778.4755859375,4890204.5,-30.544454136028644,0.3973437547683716,1.669668436050415,0.049068696796894,0.0367499999701976,0.7567815184593201,1.2732943296432495,10.054194450378418,3.575582981109619,503.6907348632813,4.075131820751769e+19,832.7390747070312,1.2135131165124198e+18,0.0621789060533046,0.0319871045649051,0.9931490421295166,NT,4.328461647033691,1.9083741903305047,866.0009765625,9.772571563720703,-0.0008483153069391,-0.001244414364919,222642.890625,470.8030700683594,0.3644789159297943,1.2772942781448364
193779,1540,2020,592962.0,-1.6143791675567627,38005519899905.32,2372234.0,1.7289122343063354,1.3853076696395874,0.5693508982658386,193758.5625,26065.509765625,88218.8515625,2293.58837890625,2249916.25,-39.34946431826582,0.5783280730247498,1.375606656074524,0.085582248866558,0.0740539282560348,0.9428458213806152,1.5492160320281982,-14.591629028320312,3.5769503116607666,564.7863159179688,3.956281650663601e+19,765.230712890625,9.654896815652209e+17,8.586431503295898,0.0384349413216114,0.8056432604789734,NT,2.1914937496185303,1.7581276893615725,779.291748046875,-14.699799537658691,-0.0007202788838185,-0.0010659510735422,248473.828125,-157.8109588623047,0.4158406555652618,1.2862038612365725
193779,3680,4100,588523.375,-1.6231814622879028,40005879823211.58,5548752.0,1.7399994134902954,1.399277925491333,0.5653920769691467,240281.484375,73339.0078125,-873.191650390625,5729.716796875,5691340.5,-29.724736915232384,0.4250036478042602,1.715059757232666,0.043298814445734,0.030083293095231,0.6962400674819946,1.2170329093933103,9.414742469787598,3.5849039554595947,521.190673828125,3.992098022036079e+19,884.994140625,1.1022147083934106e+18,0.1770190894603729,0.0588489286601543,0.4528815150260925,NT,5.269979953765869,1.849201917648316,920.9364013671876,9.190476417541504,-0.0011097090318799,-0.0015475489199161,209302.6875,36.709571838378906,0.3617210686206817,1.2746704816818235
193780,3780,4240,590177.9375,-2.0206658840179443,59255138392362.48,7410893.5,1.7409969568252563,1.389495849609375,0.5679810047149658,321701.96875,53335.49609375,-13092.6640625,6816.55712890625,6756087.5,900383.829869036,0.3591749966144562,1.86098062992096,0.0433768928050994,0.0361970178782939,0.8459071516990662,1.2957974672317505,-3.0143609046936035,4.497217655181885,717.0285034179688,6.026771557123936e+19,796.222412109375,1.5265061437890888e+18,0.3512751758098602,0.1270454227924347,0.6132524013519287,NT,0.3021466135978699,1.7340376377105713,824.4805908203125,-3.235051155090332,3.736191511154175,5.069916248321533,171111.078125,900484.1875,0.2960063517093658,1.2630468606948853
193780,2940,3450,591096.1875,-2.019773483276367,58200452898109.76,6616567.5,1.7411272525787354,1.3878775835037231,0.567581832408905,310241.5,46372.66015625,-11590.99609375,5964.8896484375,5855161.0,942467.589455078,0.3685634434223175,1.792868971824646,0.0468083545565605,0.0398111976683139,0.8659363389015198,1.3228933811187744,-5.162509441375732,4.462325572967529,693.5294799804688,6.032893198062741e+19,801.2904052734375,1.4093766819105997e+18,0.3718574047088623,0.0988941416144371,0.7104304432868958,NT,0.3270443975925445,1.6718264818191528,823.0442504882812,-5.302002906799316,2.46045470237732,5.0705671310424805,180701.765625,941380.125,0.3008427321910858,1.261780023574829
193780,4280,4710,589618.8125,-2.0232608318328857,59993628763617.85,8106440.0,1.741057515144348,1.3899967670440674,0.5684653520584106,331355.71875,60748.875,16557.271484375,7696.07373046875,7529864.5,881852.3708719538,0.354888916015625,1.9172812700271609,0.0410141684114933,0.0335009098052978,0.8302324414253235,1.278214454650879,-3.53555965423584,4.523792743682861,715.0742797851562,6.108970166807167e+19,841.3357543945312,1.5763262525942006e+18,0.3391904830932617,0.1137629374861717,0.7127545475959778,NT,0.2700486779212951,1.7524235248565674,863.6200561523438,-3.462320804595948,5.070746898651123,5.069285392761231,192822.234375,883381.9375,0.3244945704936981,1.2642844915390017
193781,2900,3450,983659.25,-2.020763874053955,63335357644236.31,7040331.0,1.7356520891189575,1.441530466079712,0.5560771822929382,503710.9375,62584.56640625,808.3017578125,5970.92529296875,5858824.5,899721.4519389844,0.3602806329727173,1.6869723796844482,0.0715626329183578,0.0626714080572128,0.83220374584198,1.3282263278961182,8.833808898925781,2.7274365425109863,1107.8875732421875,6.845679461203129e+19,1093.8660888671875,2.413428297846227e+18,,,,NT,0.3217673003673553,2.10266637802124,1142.6785888671875,8.375507354736328,2.4633898735046387,5.069766998291016,408993.46875,907431.6875,0.4138023853302002,1.2869828939437866
193781,3600,4060,982685.6875,-2.0229651927948,61180391451994.24,7885252.0,1.7355823516845703,1.4448561668395996,0.5560126900672913,526090.5625,79196.8125,-4295.24462890625,6894.861328125,6760888.0,903060.8606333552,0.3465071618556976,1.7593889236450195,0.0667606070637703,0.0567242689430713,0.8246738910675049,1.314760446548462,11.46578884124756,2.744880437850952,1187.8929443359375,6.522434477557914e+19,1152.559326171875,2.8200782753326694e+18,,,,NT,0.2960771918296814,2.3477272987365723,1201.7259521484375,11.09786891937256,3.845133066177368,5.069101333618164,392709.5625,902845.6875,0.3891169130802154,1.289176106452942
193782,2350,2760,985729.125,-2.019262790679932,54474847466072.734,4060986.0,1.7355931997299194,1.4387609958648682,0.5558108687400818,580682.875,60536.25,75505.1953125,3922.36572265625,3885027.5,7.171102593692537,0.2592848241329193,1.952689528465271,0.1460155099630355,0.1307883560657501,1.248511791229248,2.066882848739624,-93.6307601928711,2.708223342895508,1444.0262451171875,5.7871699414408495e+19,1647.73486328125,1.196825003903943e+18,1.5605497360229492,0.1167125552892685,1.5488835573196411,NT,3.7630865573883057,1.6292258501052856,1679.8277587890625,-93.53560638427734,-0.0008004393312148,-0.0004195490619167,230759.328125,793.6217651367188,0.2562955319881439,1.281197190284729
193782,3780,4260,983638.8125,-2.02396821975708,84553629108676.72,6658215.5,1.7363201379776,1.4501785039901731,0.5556177496910095,709646.375,53692.57421875,9814.888671875,6724.92236328125,6509191.5,-18.265095378791106,0.255374938249588,2.375947952270508,0.1068535223603248,0.0987690761685371,1.1203932762145996,1.8664791584014893,-68.66389465332031,2.768369197845459,1213.39697265625,8.546704433623754e+19,1346.5494384765625,2.8182173519026586e+18,2.388289213180542,0.3559553921222687,0.7798750996589661,NT,5.890121936798096,1.99143135547638,1375.5020751953125,-68.66484069824219,-0.0012479360448196,-0.0009271196322515,326151.6875,-79.27613830566406,0.3080399632453918,1.286152482032776
193783,1580,2000,594446.4375,-1.621381759643555,40923773756113.23,2239109.75,1.729359149932861,1.382277488708496,0.5702096819877625,266525.875,30468.693359375,63211.44140625,2218.471435546875,2213906.25,-117.65556172867105,0.451806366443634,1.890314102172852,0.1238202601671218,0.1096748113632202,1.3096903562545776,2.162964105606079,-58.04632568359375,3.599519968032837,827.2817993164062,4.37321645991626e+19,1020.2232055664062,1.0174950010110607e+18,0.6486996412277222,0.0282181482762098,1.0317716598510742,NT,2.118112087249756,1.7047653198242188,1036.3232421875,-58.02253341674805,-0.0007865763036534,-0.0008940990082919,151365.515625,-49.20783996582031,0.2436350286006927,1.279841423034668
193783,2300,2720,592524.3125,-1.624261498451233,41686259723001.7,3746983.25,1.7412556409835815,1.3857964277267456,0.566838800907135,345523.59375,65520.890625,8247.4384765625,3894.498046875,3870299.0,-142.8291461380617,0.2590888738632202,2.488467216491699,0.092425987124443,0.074898712337017,1.306428074836731,2.1185946464538574,-71.29823303222656,3.573093175888061,991.1302490234376,4.409868460125848e+19,1319.2208251953125,9.968719424452036e+17,1.860382318496704,0.1385499387979507,1.3344470262527466,NT,3.748203754425049,1.671721577644348,1345.548828125,-71.23986053466797,-0.0007611570181325,-0.0009050865191966,109386.0703125,746.0889282226562,0.188712939620018,1.2548527717590332
193783,4480,5000,590722.875,-1.6471813917160034,47027450613308.12,7354348.5,1.7419041395187378,1.3852739334106443,0.5676918625831604,382942.40625,113972.0859375,31810.939453125,7751.8583984375,7724740.0,-102.68418930856188,0.2614798545837402,2.7451891899108887,0.0523301102221012,0.036752238869667,0.9753422141075134,1.6576603651046753,-54.87815856933594,3.6783206462860094,1064.791259765625,4.543158296519272e+19,1273.8914794921875,1.4230467725397852e+18,0.6839433908462524,5.231740951538086,1.77653169631958,NT,6.543154239654541,1.8956258296966555,1306.0106201171875,-54.91446685791016,-0.0013500044587999,-0.0016137864440679,114800.5,382.76898193359375,0.1821157783269882,1.2490768432617188
193783,5220,5400,590364.4375,-1.6509860754013062,52771013569800.3,8674470.0,1.7421314716339111,1.383800745010376,0.567555844783783,406654.125,113846.4140625,13218.759765625,9105.4365234375,9132514.0,-19.72469425201416,0.3622824549674988,2.922295093536377,0.0469641759991645,0.0338155962526798,0.9630993008613586,1.5991530418395996,-57.27073287963867,3.6982944011688232,1088.7464599609375,4.62879353974628e+19,1357.2027587890625,1.5560483719599882e+18,0.79787278175354,5.488561630249023,1.8897162675857544,NT,7.424507141113281,1.8701945543289185,1393.9864501953125,-57.3360710144043,-0.0012707072310149,-0.0015493705868721,116373.4453125,-19.72469520568848,0.1915909945964813,1.2431905269622805
193790,3320,3680,587999.4375,-2.022814512252808,40678355145265.125,2236508.25,1.7405468225479126,1.396700143814087,0.5655477643013,241944.296875,27458.9140625,-25338.3359375,2207.7333984375,2160759.75,59.28395159207124,0.3481899797916412,1.3913835287094116,0.1076834052801132,0.0954703167080879,1.1418147087097168,1.8411568403244016,,4.448999404907227,4.448999404907227,4.448999404907227,,,0.1602862775325775,0.0103684356436133,0.978535294532776,NT,2.147789001464844,,,,-0.0008044444257393,-0.001179713057354,,-788.6683959960938,0.3554125428199768,1.273883581161499
193791,2820,3070,592573.25,-1.618240237236023,46822848296013.25,7167711.0,1.7413218021392822,1.385832667350769,0.567825436592102,391505.34375,111730.125,18159.24609375,7620.794921875,7510887.5,273.9362982868838,0.3171287477016449,2.8415751457214355,0.0548858381807804,0.0392545871436595,1.0214358568191528,1.7183241844177246,-35.56815719604492,3.603561162948608,1002.796142578125,4.768781161171465e+19,1314.699951171875,1.2250802537145303e+18,3.726083278656006,0.2500574290752411,1.350189208984375,NT,3.498956680297852,1.7685760259628296,1345.3499755859375,-35.80057144165039,-0.0019182263640686,5.07000732421875,142064.765625,-104.08995819091795,0.2015004456043243,1.2492045164108276
193791,2120,2350,592537.9375,-1.6168609857559204,44557224677808.33,5736346.0,1.7399039268493652,1.3900316953659058,0.566216766834259,337346.40625,86395.8046875,73262.3203125,6083.31640625,5966397.5,220.76765353172868,0.2591853141784668,2.4331698417663574,0.0596389472484588,0.0443845279514789,1.000572681427002,1.670362114906311,,3.5739033222198486,905.7680053710938,4.6528125911573725e+19,,,1.474158763885498,0.0625782683491706,1.0915868282318115,NT,1.991074085235596,,,,-0.0015039923600852,5.070830345153809,,217.7501678466797,0.2249592542648315,1.2557768821716309
193791,5120,5320,589362.625,-1.6227545738220217,44858996072577.25,7477014.0,1.7396794557571411,1.382570743560791,0.5704454183578491,351495.5625,100321.2734375,-4999.900390625,6865.34619140625,6792052.5,971619.7148447264,0.2082415223121643,2.552619457244873,0.0470171831548213,0.0336101464927196,0.9251064658164978,1.5212161540985107,,3.647846221923828,963.7535400390624,4.606439148939641e+19,,,1.7171766757965088,0.2170348018407821,1.523341417312622,NT,2.7772445678710938,,,,-0.0017124429577961,5.070374011993408,136558.546875,970921.625,0.2388695776462555,1.2614654302597046
193791,4040,4320,590553.4375,-1.6208198070526123,44998956974952.74,5546190.5,1.7387909889221191,1.3917889595031738,0.5674110651016235,281890.34375,56180.9453125,18133.111328125,4815.93701171875,4694185.0,973293.9719302356,0.3480078279972076,2.0215985774993896,0.0510739497840404,0.0409199781715869,0.9024351835250854,1.4148108959197998,,3.5935511589050293,831.3209228515625,4.557225448285038e+19,,,0.3111380040645599,0.0424658842384815,1.2495816946029663,NT,0.9782684445381165,,,,-0.001251358538866,5.071327686309815,,975131.625,0.2784087359905243,1.268319606781006
193792,3110,3520,593090.6875,-1.6171849966049194,39818199322039.52,8142631.0,1.7430531978607178,1.384432077407837,0.56742262840271,415278.90625,180850.4375,45987.953125,8577.875,8575551.0,230.79959866198487,0.1731373965740203,3.026658296585083,0.0514131225645542,0.0290559623390436,0.8807631731033325,1.7375859022140503,-41.05311965942383,3.602006196975708,1180.698486328125,4.0497027556292166e+19,1583.7943115234375,1.110943799925801e+18,4.530794620513916,0.3687223494052887,1.7413204908370972,NT,4.3975677490234375,1.7928004264831543,1619.9114990234375,-41.21784973144531,-0.0021571908146142,5.069666862487793,91573.296875,-133.3593292236328,0.1446365118026733,1.243922472000122
193792,2610,2830,592896.5625,-1.6151045560836792,37907808823185.42,6456806.5,1.741415023803711,1.384461522102356,0.5675885677337646,377493.1875,143576.484375,30457.806640625,6836.2041015625,6768894.5,207.6241846425889,0.2483145147562027,2.7410688400268555,0.0588104389607906,0.0364716574549675,0.9622575640678406,1.7846599817276,,3.577146291732788,1090.6839599609375,3.9395440050562925e+19,,,3.2257535457611084,0.1622137725353241,1.1420971155166626,NT,2.74172043800354,,,,-0.0019676727242767,5.070024013519287,108628.875,633.0947875976562,0.1699544340372085,1.2503117322921753
193793,2610,2840,593490.125,-1.6157349348068235,41311858079677.93,6498260.5,1.7425256967544556,1.386083960533142,0.5665808916091919,376919.46875,124090.9296875,24132.462890625,6879.22998046875,6805306.5,172.23772131528733,0.2837088704109192,2.737711906433105,0.0582732558250427,0.0391203500330448,0.9993910193443298,1.756077766418457,,3.565875291824341,1067.21240234375,4.241614593773797e+19,,,2.953571319580078,0.1273679286241531,1.3223158121109009,NT,2.7773900032043457,,,,-0.0013385507045313,5.070306301116943,125112.6640625,500.2188720703125,0.1901622861623764,1.2472621202468872
193796,5390,5770,591903.375,-1.6266056299209597,34907444053611.305,7359909.0,1.7372539043426514,1.3876360654830933,0.5754480957984924,366340.21875,160645.453125,3470.142333984375,6790.560546875,6814000.0,856210.6572412171,0.3588826060295105,2.610196113586426,0.0498739406466484,0.0280242785811424,0.8335588574409485,1.6259613037109375,-26.36225891113281,3.749245166778565,1101.7012939453125,3.772253310890174e+19,1379.699951171875,1.123760463373402e+18,,,,NT,2.70153546333313,1.9370039701461792,1412.3499755859375,-27.01324462890625,-0.0022486939560621,5.069692611694336,69461.0546875,859908.375,0.1761077940464019,1.2886779308319092
193796,3220,3700,594126.0,-1.6201919317245483,32714833626551.01,3136853.5,1.739750623703003,1.3886457681655884,0.5663913488388062,244316.90625,41361.8359375,-99188.4609375,2125.968017578125,2139716.0,951638.0074866016,0.3972816169261932,1.7427541017532349,0.0757944136857986,0.0629693940281868,1.0825453996658323,1.6474943161010742,,3.5210771560668945,946.351806640625,3.5125462454839017e+19,,,0.2816992998123169,0.0252903271466493,1.0264365673065186,NT,2.069597721099853,,,,-0.001370285404846,-0.0011506334412842,,961516.875,0.2806068360805511,1.268341064453125
193798,2370,2550,592898.625,-1.6158266067504885,30307989378414.08,6992152.0,1.741875171661377,1.3941463232040403,0.5651214122772217,362916.75,192827.6875,38804.79296875,6339.39404296875,6344677.5,946057.1926634962,0.1600338965654373,2.624284505844116,0.0522628761827945,0.0245082322508096,0.7449783682823181,1.6824605464935305,,3.582645893096924,1274.652099609375,3.1373878203332428e+19,,,2.4199109077453613,0.0707386434078216,1.34565532207489,NT,2.29948091506958,,,,-0.0016475759912282,5.070523738861084,,946186.875,0.15565025806427,1.2526748180389404
193800,2610,2830,593882.4375,-1.617427945137024,30868919810034.363,7373627.5,1.7429580688476562,1.384885311126709,0.5669905543327332,382492.09375,206230.734375,47097.7734375,6747.69677734375,6745946.0,955417.1151655874,0.2559638023376465,2.772962808609009,0.0522613301873207,0.024115951731801,0.7582377791404724,1.7274688482284546,,3.569807291030884,1255.073974609375,3.21388920056599e+19,,,3.5516490936279297,0.179206982254982,1.348316311836243,NT,2.834434032440185,,,,-0.0016426745569333,4.804360389709473,103786.265625,952541.8125,0.1579728424549102,1.2472513914108276
193801,1500,1850,597285.1875,-1.8147438764572144,30006180974865.234,5539626.5,1.723693609237671,1.3627638816833496,0.5725407004356384,290434.75,124695.765625,62287.453125,4939.66015625,4718303.5,957224.1960568134,0.5657621622085571,1.853585958480835,0.0532075613737106,0.0304252076894044,0.7806271910667419,1.5031976699829102,-3.5334606170654297,4.0063157081604,1061.6766357421875,3.076084769428917e+19,947.9500122070312,8.098949049006162e+17,0.9879943132400512,0.7243309020996094,0.9438740015029908,NT,1.0849074125289917,1.793287992477417,969.5,-3.626539945602417,-0.0011863706167787,5.070977687835693,115608.671875,957506.6875,0.2733556926250458,1.2633986473083496
193802,3220,3700,588677.9375,-1.816128134727478,38873245823899.57,1315049.25,1.7388461828231812,1.4006593227386477,0.5654741525650024,124523.140625,196.75164794921875,66234.9765625,43.82154846191406,25339.3515625,978978.6585804864,0.5277885794639587,0.7871348857879639,0.110389843583107,0.1097943037748336,0.8246091604232788,1.3433668613433838,,3.9958558082580566,555.3041381835938,3.854795408005923e+19,,,0.0170278865844011,0.0046242466196417,0.1873476952314376,NT,0.027893453836441,,,,0.00016384931223,-0.0004224966396577,,980478.3125,0.502920389175415,1.290334939956665
193805,3220,3650,586454.625,1.81026291847229,43670584238316.82,1361506.75,1.7371940612792969,1.3289709091186523,0.5636411309242249,114210.640625,5.484541416168213,-833.1427612304688,0.0,1122.516845703125,962995.612912016,0.7391439080238342,0.7651925086975098,0.0838760286569595,0.0838720276951789,0.7254939079284668,1.1685339212417605,,3.707144260406494,414.2568054199219,3.67661668999459e+19,,,0.0147696817293763,0.0025010593235492,0.1492178589105606,NT,0.0,,,,-0.0001076455009751,7.586188439745456e-05,,963229.8125,0.6784908771514893,1.2204880714416504
193806,5020,5660,983384.1875,-2.027649402618408,67610960785691.17,9688866.0,1.735669732093811,1.4586424827575684,0.5567012429237366,734914.9375,120418.4609375,37242.19140625,9731.9921875,9651200.0,-248.27980041503903,0.2623016834259033,2.43713927268982,0.0761629492044448,0.0636848807334899,1.0175808668136597,1.6335678100585938,-40.235721588134766,2.819080114364624,1416.087890625,7.036018118110688e+19,1556.188232421875,2.76942817268754e+18,2.181798458099365,0.2358231544494629,1.925392866134644,NT,4.550200462341309,2.211583375930786,1592.806884765625,-40.68842315673828,-0.0016127908602356,5.07050371170044,,-248.27980041503903,0.2755845189094543,1.2990716695785522
193806,3560,4040,985511.25,-2.022079467773437,64188609801889.13,9458573.0,1.736680507659912,1.4622541666030884,0.556054949760437,828671.5,139186.953125,19256.064453125,9486.4404296875,9477430.0,-32.415439951383824,0.167065680027008,2.74898099899292,0.0878442749381065,0.0730919912457466,1.1722462177276611,1.8673529624938965,-83.35100555419922,2.816680192947388,1651.0255126953125,6.655841301988534e+19,1892.8701171875,2.0153004975477228e+18,3.0919177532196045,0.5133371353149414,1.6375391483306885,NT,7.67681360244751,1.9324780702590945,1940.8394775390625,-83.65837860107422,-0.0010514219757169,-0.0012281181989237,,-97.40017700195312,0.2032708674669265,1.2962896823883057
193807,4780,5620,983150.6875,-2.027618646621704,67977586932965.39,9734276.0,1.7348065376281738,1.4598835706710815,0.556099534034729,726565.625,118860.765625,20137.71875,9756.1513671875,9695190.0,-92.04552954281024,0.2562610507011413,2.4129860401153564,0.0748070925474166,0.0625702738761901,1.002710223197937,1.6098909378051758,-40.41957092285156,2.821243524551392,1413.670166015625,6.979053300284916e+19,1534.7467041015625,2.8384797019351286e+18,2.785590171813965,0.2530992329120636,1.853677749633789,NT,4.538524627685547,2.201448440551758,1567.291015625,-40.78105926513672,-0.0020284666679799,5.070699214935303,,47.75400161743164,0.2728035449981689,1.2975399494171145
193807,3120,3740,985007.875,-2.0199904441833496,66043577249625.9,9741690.0,1.7352447509765625,1.456993818283081,0.5552679896354675,717633.25,124076.671875,8816.517578125,9715.1640625,9694036.0,-17.47785360691442,0.2646059393882751,2.3916921615600586,0.0737526267766952,0.0610013008117675,0.9906517267227172,1.593381643295288,-39.47828674316406,2.782144546508789,1397.0079345703125,6.914010150627548e+19,1493.16796875,2.5755496380943565e+18,3.971103191375733,0.1930670291185379,1.4766480922698977,NT,4.566369533538818,2.1045918464660645,1529.60302734375,-39.9677848815918,-0.0019878724124282,4.97642993927002,,-234.0380859375,0.276393175125122,1.2907662391662598
193808,3820,4280,789216.0625,-2.022043228149414,40279982046480.0,9206898.0,1.7460066080093384,1.4162806272506714,0.5642962455749512,666989.8125,258129.8125,-12092.5625,9496.6591796875,9463383.0,-411.6137630511154,0.174585223197937,2.848820924758911,0.0723982453346252,0.0443794429302215,1.064116358757019,1.936160564422608,-112.89989471435548,3.4390430450439453,1951.5284423828125,4.079882590593063e+19,2954.6455078125,2.147922078261576e+18,0.9459238052368164,6.073070049285889,2.5639455318450928,NT,7.688151836395264,2.575576066970825,2984.976318359375,-112.9798812866211,-0.0012485613115131,-0.0013877003220841,,-440.3415832519531,0.1243703737854957,1.2727986574172974
193808,2700,3180,789133.25,-2.0179758071899414,47289224879099.52,8688598.0,1.7458250522613523,1.4122482538223269,0.5645541548728943,678296.8125,191435.09375,-23159.66015625,9048.802734375,8918375.0,-472.2547314904802,0.0903345867991447,2.912704467773437,0.0782148241996765,0.0562176890671253,1.2115256786346436,2.000213861465454,-90.73941802978516,3.4199814796447754,1647.899658203125,4.772568319022177e+19,2253.058837890625,1.8819529642816307e+18,5.0282135009765625,1.5265038013458252,1.86857271194458,NT,7.395547389984131,2.137967109680176,2289.510986328125,-91.18687438964844,-0.0011788033880293,-0.0013296888209879,,-445.6807861328125,0.1079080998897552,1.2700170278549194
193810,1620,2000,790568.4375,-2.015439510345459,40477031320102.445,2453209.5,1.733568549156189,1.3998773097991943,0.5669353008270264,341859.6875,39207.0703125,72198.359375,2298.064208984375,2281508.5,-44.51724507899336,0.4982981383800506,1.4495549201965332,0.1442045718431472,0.1276747733354568,1.193660020828247,1.9744832515716555,-60.45425796508789,3.368389129638672,955.8434448242188,4.8844273543762936e+19,1129.1641845703125,1.240420365067354e+18,0.2641492486000061,0.013028098270297,0.996122419834137,NT,2.197726488113404,1.723825454711914,1145.615478515625,-60.42565536499024,-0.0008818281348794,-0.000953790557105,234745.953125,-245.1484832763672,0.3298912048339844,1.293995380401611
193810,2900,3860,789831.125,-2.020214796066284,39274257382366.086,8440478.0,1.7448863983154297,1.4080389738082886,0.5648524761199951,647717.5,240648.25,15770.1572265625,8795.4765625,8651329.0,-37.37686298521948,0.1577415913343429,2.781829833984375,0.0768963545560836,0.0483241602778434,1.103804111480713,1.977457284927368,-84.02859497070312,3.401928663253784,1550.00634765625,4.914457655758763e+19,1979.8306884765625,1.6328935145031598e+18,4.579559326171875,0.5476024746894836,1.809406042098999,NT,7.239807605743408,1.94573187828064,2020.7506103515625,-84.46173858642578,-0.0014578440459445,-0.0016407335642725,,-59.75329208374024,0.148099660873413,1.2681776285171509
193810,4680,5160,788416.9375,-2.023767471313477,39485577724342.86,8533869.0,1.7434922456741333,1.4066697359085083,0.5662510395050049,585151.625,227655.046875,-33325.98046875,8864.671875,8698799.0,-91.5458463428294,0.2906442880630493,2.506460666656494,0.0683190524578094,0.0417446382343769,0.9620788097381592,1.7738540172576904,-38.12990188598633,3.4196338653564453,1352.0953369140625,4.771156546092112e+19,1727.292724609375,2.0606179687981384e+18,5.153706073760986,0.2316444516181945,1.4710026979446411,NT,4.1015472412109375,2.221431255340576,1763.7572021484375,-38.62104797363281,-0.0020064499694854,5.07059383392334,,-299.7890014648437,0.2256862074136734,1.2776645421981812
193811,3200,3800,984072.9375,-2.0201985836029053,63232532929037.49,10080512.0,1.7461353540420532,1.4399322271347046,0.5616394281387329,728372.4375,132098.28125,9949.00390625,9607.5205078125,9583287.0,470490.8296607035,0.126338854432106,2.440626859664917,0.0724818781018257,0.0593344122171402,1.0027706623077393,1.5931878089904783,-42.42049407958984,2.7622721195220947,1523.9130859375,6.678378651530035e+19,1672.7420654296875,2.516380794235126e+18,4.743146896362305,0.2044138610363006,1.7306156158447266,NT,4.570059299468994,2.162541627883911,1715.767822265625,-42.98842239379883,-0.0017982551362365,5.07073450088501,,460504.53125,0.2647125422954559,1.2988094091415403
193812,3280,4360,986723.1875,-2.02124571800232,64841951098435.32,10378789.0,1.746683120727539,1.432120680809021,0.5612065196037292,730735.375,127169.7265625,21429.376953125,9614.7685546875,9570776.0,770886.8447464132,0.0869243592023849,2.458980321884156,0.0706752762198448,0.0583726540207862,0.997564435005188,1.5724667310714722,-42.091041564941406,2.728339910507202,1476.1715087890625,6.9881313080884855e+19,1640.1466064453125,2.8187478662630605e+18,3.948061227798462,0.1937733888626098,1.4288814067840576,NT,4.613773345947266,2.251757860183716,1678.3115234375,-42.53883743286133,-0.0018094506813213,5.0174970626831055,,758630.625,0.275911808013916,1.288691759109497
193813,2140,2620,591294.75,-1.2105103731155396,41002420471445.62,3871354.5,1.738672971725464,1.398610234260559,0.5657898783683777,250161.875,37346.8359375,-10055.9951171875,3091.62060546875,2888236.75,957038.2124192792,0.3327813744544983,2.3881750106811523,0.0645400062203407,0.0549135580658912,1.0239596366882324,1.600785493850708,-18.55014610290528,2.688425302505493,861.4445190429688,4.583796686086524e+19,985.9448852539062,1.327716228193583e+18,2.6914756298065186,0.071026973426342,1.685369849205017,NT,1.0886757373809814,1.888158679008484,1004.30615234375,-18.67157936096192,-0.0009466407936997,2.510347366333008,201075.40625,957789.9375,0.3271323144435882,1.2743220329284668
193813,3150,3450,590481.4375,-1.2119585275650024,41738894135774.414,5321045.0,1.739134430885315,1.4029288291931152,0.5665193200111389,279629.40625,62038.0,-16438.880859375,4729.3134765625,4480520.5,942247.7400485337,0.3145058155059814,2.66675877571106,0.0523983985185623,0.0407747961580753,0.942500114440918,1.5202745199203491,-12.86949062347412,2.726538181304932,871.4581909179688,4.662969879574767e+19,1006.0599975585938,1.1916531760847913e+18,3.757025957107544,0.1641431003808975,1.5677077770233154,NT,1.0238385200500488,1.79804790019989,1032.7265625,-13.105072021484377,-0.0012253203894942,5.071792602539063,172103.296875,941655.125,0.2775575220584869,1.2765933275222778
193813,3530,4220,590172.5625,-1.211586356163025,42930586043775.6,5807258.5,1.7392719984054563,1.3955767154693604,0.5672932267189026,286877.46875,66744.2578125,1813.8016357421875,5139.9091796875,5002443.5,926168.9354983334,0.4227799475193023,2.754652976989746,0.0494485720992088,0.0379521027207374,0.9222990870475768,1.4952678680419922,-11.348922729492188,2.711889266967773,870.7345581054688,4.8157500988868e+19,964.7571411132812,1.354920344888017e+18,4.260453224182129,0.1655884385108947,1.473319411277771,NT,1.2816250324249268,1.8841606378555296,999.105712890625,-11.814760208129885,-0.0012093633413314,5.071819305419922,191533.984375,926823.0,0.3242766559123993,1.2695341110229492
193813,4380,4900,588494.5,-1.2127375602722168,44166041536892.8,6268980.0,1.7397832870483398,1.392297625541687,0.5671103000640869,291849.03125,71087.4140625,-5063.41552734375,5558.28662109375,5518074.5,909333.3921257572,0.3635202348232269,2.8261992931365967,0.0465257130563259,0.0351929701864719,0.8967893123626709,1.462289571762085,-10.120598793029783,2.7135863304138184,853.4571533203125,4.966213427296784e+19,938.0904541015624,1.449615234074411e+18,4.509289741516113,0.2090383023023605,1.2685151100158691,NT,1.5479741096496582,1.9209603071212769,975.7894287109376,-10.665236473083496,-0.0012194792507216,5.071816921234131,186684.390625,909529.625,0.3183462023735046,1.2628010511398315
193818,2230,2740,986484.25,-2.014248371124268,56582392450980.6,2995961.5,1.7340604066848757,1.4462519884109497,0.5557714700698853,504019.21875,,22194.08203125,2923.69189453125,2746974.5,-80.95660534116313,0.3517291247844696,1.6838936805725098,0.1696739196777343,,,,-80.20702362060547,2.72017240524292,1257.859130859375,6.03700009389481e+19,1407.919677734375,1.282930920571011e+18,1.0740550756454468,0.0750034376978874,1.5145578384399414,NT,2.7923357486724854,1.642308235168457,1430.1136474609375,-80.11769104003906,-0.0004582827968988,-0.0008079150575213,254729.359375,93.11615753173828,0.320223867893219,1.2927244901657104
193819,2160,2720,986508.8125,-2.0138070583343506,56035750650187.64,3005916.25,1.7341852188110352,1.4469860792160034,0.5558979511260986,508710.0,,28829.904296875,2939.9287109375,2749909.75,-22.374620088710603,0.3446391820907593,1.698336839675903,0.1710711568593979,,,,-82.41039276123047,2.7219724655151367,1299.66162109375,6.09548883483668e+19,1420.1702880859375,1.2966547498310042e+18,1.0878677368164062,0.0762388035655021,1.5363837480545044,NT,2.8068368434906006,1.6568324565887451,1441.4071044921875,-82.32067108154297,-0.000145721482113,0.0001218433244503,,-127.40591430664062,0.3242380917072296,1.2938472032546997
193819,2820,3300,985766.1875,-2.015406847000122,59214776653117.01,4785880.5,1.7351301908493042,1.4484434127807615,0.5559731125831604,606757.0625,,49775.625,4836.216796875,4611465.0,-9.425192103958569,0.245242178440094,2.0304033756256104,0.1284771114587783,,,,-72.48285675048828,2.7395386695861816,1385.951904296875,6.462171564653465e+19,1496.394775390625,1.5042338865010442e+18,1.9712603092193604,0.1599415689706802,1.4149569272994995,NT,4.013243198394775,1.7396032810211182,1529.5093994140625,-72.49339294433594,-0.0001890874555101,3.039361217815894e-06,288176.78125,497.7293395996094,0.2678855359554291,1.290493369102478
193820,2180,2700,986669.1875,-2.0127222537994385,54151723196796.64,2977205.25,1.7342064380645752,1.4458588361740112,0.5561562180519104,500908.25,,25743.796875,2936.975830078125,2720573.75,-118.3186195436985,0.3456043899059295,1.673739671707153,0.1698600202798843,,,,-83.6402587890625,2.7207508087158203,1283.6275634765625,5.80251032767158e+19,1440.76220703125,1.2316042059579392e+18,1.1108897924423218,0.0766705125570297,1.613093018531799,NT,2.803064346313477,1.6484655141830444,1465.005615234375,-83.51045989990234,-0.0001766580098774,-0.0003123802016489,,234.9925079345703,0.3229179084300995,1.294644117355347
193820,3060,3540,986017.375,-2.014843940734864,61006257314066.14,6094800.5,1.735423922538757,1.452709078788757,0.5562596321105957,695641.25,,81019.71875,6186.8837890625,5987948.0,-66.7413909508032,0.2150574773550033,2.32564115524292,0.1161491125822067,,,,-76.99903869628906,2.7661242485046387,1518.8731689453125,6.443658427669624e+19,1733.274169921875,1.8372602905136988e+18,2.7743215560913086,0.2619170844554901,1.610446572303772,NT,4.888932704925537,1.8826075792312624,1767.001953125,-77.0402603149414,-0.0002956996322609,-0.0004960389924235,264021.46875,231.2630920410156,0.2400079369544983,1.293002009391785
193832,2060,2500,984988.25,-2.022472620010376,55394383091039.45,2818614.0,1.73361074924469,1.4459131956100464,0.5553559064865112,454138.03125,32556.591796875,52692.20703125,2539.68798828125,2520927.5,78.16674852365797,0.4013285338878631,1.5111287832260132,0.1651113480329513,0.1532870084047317,1.1194342374801636,1.9369184970855715,-67.68301391601562,2.7238354682922363,1183.8173828125,5.671220283026755e+19,1277.8629150390625,1.185174853573935e+18,0.6573399901390076,0.0433699451386928,1.4112718105316162,NT,2.3538293838500977,1.6191812753677368,1298.26513671875,-67.6432876586914,-0.0006210107821971,-0.0009538300218991,,-572.0543212890625,0.3776852190494537,1.2924286127090454
193832,3150,3500,983856.8125,-2.0244064331054688,72863750610695.69,6133895.0,1.73517107963562,1.456040859222412,0.5550782084465027,668444.0,62731.875,51923.6171875,5982.35595703125,5993326.0,-83.35045719596253,0.2189569473266601,2.223816156387329,0.1099915280938148,0.0996679067611694,1.1251028776168823,1.8618417978286743,-82.42829132080078,2.7773287296295166,1290.00732421875,7.359574483448889e+19,1478.0535888671875,1.5247182004433715e+18,1.7539327144622805,0.2524773776531219,1.0760135650634766,NT,5.708868980407715,1.6227182149887085,1514.494384765625,-82.34577941894531,-0.0012956688879057,-0.0016618652734905,220940.140625,227.7763061523437,0.2695070505142212,1.291251301765442
193832,3600,4020,983541.75,-2.025065898895264,73438689813864.94,7911609.5,1.7354285717010498,1.460435152053833,0.5550663471221924,755869.5,88540.78125,51485.49609375,7805.3154296875,7844614.0,29.04303545271296,0.1870039403438568,2.513685464859009,0.0962411239743232,0.0849667713046073,1.140801191329956,1.8475960493087769,-84.37438201904297,2.802932977676392,1375.512451171875,7.23536485388229e+19,1608.384521484375,1.7313102505495757e+18,1.7066463232040403,0.3793050348758697,1.2204992771148682,NT,6.871175765991211,1.7159364223480225,1634.3916015625,-84.34811401367188,-0.0012692633317783,-0.0016306962352246,,689.8540649414062,0.2471260577440261,1.2919152975082395
193833,3100,3510,982149.9375,-2.0229008197784424,73247177505294.27,4748738.5,1.7345799207687378,1.455765724182129,0.5555321574211121,629686.375,44050.4921875,92547.9453125,4799.57666015625,4540180.0,0.0,0.2699480950832367,2.0953376293182373,0.1356827467679977,0.1261959373950958,1.180538773536682,2.009195804595948,-80.27713012695312,2.779597759246826,1245.3682861328125,7.438915682313857e+19,1396.327880859375,1.8025128368579543e+18,1.7841041088104248,0.2526553869247436,1.2066320180892944,NT,4.602904796600342,1.7050490379333496,1426.5465087890625,-80.19928741455078,-0.0015779873356223,-0.001283346908167,327211.34375,0.0,0.2984879910945892,1.2946947813034058
193833,2100,2520,982786.5,-2.020503759384156,71904619778463.98,3549271.25,1.7334305047988892,1.451770305633545,0.5548932552337646,501603.3125,26738.0078125,136810.09375,3455.771728515625,3219315.25,0.0,0.3715026378631592,1.6708407402038574,0.1478595584630966,0.1399603486061096,1.0635188817977903,1.8793034553527832,-45.648704528808594,2.7457237243652344,1035.2110595703125,7.3662322462573986e+19,1115.141845703125,1.936632502164652e+18,1.1521457433700562,0.0689302235841751,0.8154850602149963,NT,2.593969821929932,1.761468768119812,1133.876708984375,-45.674652099609375,-0.0011436013737693,-0.0007906336104497,407325.90625,0.0,0.4041705429553985,1.2934248447418213
193834,5040,5520,488143.46875,-1.025390625,49031735845598.28,7408928.5,1.7267260551452637,1.4081547260284424,0.5603126883506775,207835.359375,58093.171875,10479.623046875,8046.12646484375,7845309.5,0.0,0.4275165200233459,2.860330104827881,0.0280965343117713,0.0202418081462383,0.6785999536514282,1.158026933670044,-11.737725257873535,2.793540000915528,478.689697265625,4.350674272523597e+19,583.5010375976562,1.1809068243128156e+18,2.67559552192688,7.055490493774414,0.6165305376052856,NT,6.700268745422363,1.7335097789764404,611.1143798828125,-12.120230674743652,-0.0011233077384531,-0.0014152487274259,,0.0,0.3994743227958679,1.2519240379333496
193834,3040,3520,492125.96875,-1.0221741199493408,38556724766970.055,5710256.0,1.7277697324752808,1.403742790222168,0.5591498017311096,207662.34375,74395.5546875,15047.1513671875,6266.18115234375,6021806.0,0.0,0.3967672884464264,2.846992492675781,0.0364960543811321,0.0234284065663814,0.7208056449890137,1.3457446098327637,-8.476634979248047,2.728576898574829,564.15625,3.6164542724529193e+19,736.4685668945312,9.420764060854518e+17,3.411571264266968,6.96095085144043,0.5951551795005798,NT,5.558459281921387,1.7380281686782837,762.6784057617188,-8.704553604125977,-0.0011705827200785,-0.0013889245456084,171271.8125,0.0,0.3373050689697265,1.244442343711853
193834,4620,4860,489187.625,-1.0240066051483154,48345735968194.78,7407112.5,1.727199673652649,1.4055777788162231,0.5601561069488525,207898.390625,61395.44140625,10055.1318359375,8036.17578125,7845310.0,0.0,0.4509715735912323,2.8603169918060303,0.0281103290617465,0.0198075585067272,0.6703765392303467,1.1606051921844482,-8.340580940246582,2.771176815032959,492.331787109375,4.257577303585849e+19,597.94287109375,1.264769462381314e+18,3.3131470680236816,7.130626201629639,0.5763379335403442,NT,6.690595626831055,1.8120828866958616,623.3102416992188,-8.640435218811035,-0.0011719912290573,-0.001420589745976,,0.0,0.3938319981098175,1.2495652437210083
193834,1560,1980,495556.65625,-1.0177807807922363,37586811378071.27,1275234.375,1.7148940563201904,1.3914127349853516,0.5650832653045654,129798.3828125,8413.6787109375,-3289.63916015625,1283.1756591796875,1075933.25,0.0,0.7199687957763672,1.7457098960876465,0.1015702039003372,0.0949876308441162,1.0467654466629028,1.7883944511413574,-12.345935821533203,2.7351019382476807,442.5628356933594,3.725737371965483e+19,544.6720581054688,1.1244969300055818e+18,1.2582210302352903,5.672491073608398,0.9022256731987,NT,1.1903575658798218,1.8779122829437256,553.8883666992188,-12.432455062866213,-0.000497730798088,-0.0006885488401167,279521.1875,0.0,0.553558886051178,1.2795313596725464
193836,2560,3040,492751.25,-1.019059419631958,32742530712115.8,4398313.5,1.727856159210205,1.4034925699234009,0.559317409992218,205977.875,78470.828125,33887.984375,4895.94287109375,4621109.5,0.0,0.3059695363044739,2.821799993515014,0.047293797135353,0.0293101575225591,0.8001391887664795,1.5508644580841064,-25.677921295166016,2.71321177482605,655.7890625,3.234373541996108e+19,879.859130859375,8.060508060914811e+17,2.015798330307007,5.679831027984619,0.9090648889541626,NT,4.673523426055908,1.7136023044586182,903.028564453125,-25.81265449523925,-0.0012409192277118,-0.0011435501510277,144289.484375,0.0,0.2893432676792145,1.2462807893753052
193836,3060,3320,492196.21875,-1.0194052457809448,33585403610050.38,5665889.5,1.7279857397079468,1.4058185815811155,0.5590647459030151,214485.921875,99258.453125,-5158.81494140625,6201.88525390625,5998560.0,0.0,0.3626092970371246,2.9376816749572754,0.037834458053112,0.0203264467418193,0.6582279205322266,1.4104737043380735,-8.689122200012207,2.721952676773072,646.6292114257812,3.295163340872588e+19,854.8480834960938,8.598739618554184e+17,3.0845210552215576,7.083859443664551,0.7667233943939209,NT,5.519611835479736,1.7501856088638306,884.0369873046875,-9.064496994018556,-0.0012310742167755,-0.0011393878376111,172471.5625,0.0,0.2863664925098419,1.2450497150421145
193836,3740,4100,491193.1875,-1.0207998752593994,37235618145476.92,7380016.0,1.7283843755722046,1.4050815105438232,0.5590461492538452,221617.890625,110050.3515625,2233.689208984375,8011.50732421875,7854608.0,0.0,0.3729526996612549,3.047788619995117,0.0300439093261957,0.0151222273707389,0.5653261542320251,1.2665852308273315,-1.6825774908065796,2.737455606460572,624.4002685546875,3.625108528475144e+19,735.119140625,1.0815228616313404e+18,2.084958791732788,8.452766418457031,0.8123013377189636,NT,6.672301292419434,1.8750635385513303,763.334228515625,-2.111844301223755,-0.0012525414349511,-0.0011465301504358,,0.0,0.3050696849822998,1.241336226463318
193836,1610,1970,496060.875,-1.0158309936523438,34379855675617.33,1255336.375,1.7159680128097534,1.39725923538208,0.5646185278892517,126484.484375,9871.1591796875,-7471.67431640625,1282.5052490234375,1076964.75,0.0,0.6718448996543884,1.690319299697876,0.1002189964056015,0.0923980772495269,1.0408748388290403,1.7636691331863403,-8.250014305114746,2.731234312057495,471.6422119140625,3.307707229229233e+19,578.344482421875,1.0008689420900762e+18,1.1996082067489624,6.272334575653076,1.2882195711135864,NT,1.1898099184036257,1.86503267288208,588.5000610351562,-8.332666397094727,-0.0005698787863366,-0.0004403979110065,263548.375,0.0,0.5067863464355469,1.2865805625915527
193836,5240,5720,488666.65625,-1.0220520496368408,44467906293271.445,7400686.0,1.7280240058898926,1.4076184034347534,0.560014545917511,213109.40625,74204.6015625,-4559.52294921875,8063.69482421875,7854608.0,0.0,0.421449214220047,2.932446479797364,0.0287809111177921,0.0187592320144176,0.6562696695327759,1.1984047889709473,-4.678029537200928,2.769441843032837,538.1602172851562,4.10149898919514e+19,640.245361328125,1.3471624657203364e+18,3.1435883045196533,7.061884880065918,0.4874007999897003,NT,6.718554496765137,1.9411416053771973,667.037109375,-5.076833724975586,-0.0011886502616107,-0.0012025061296299,,0.0,0.3581957519054413,1.2497059106826782
193839,1850,2950,493092.0625,-1.0156673192977903,29785776880445.45,712467.9375,1.7256325483322144,1.4058610200881958,0.5611368417739868,124217.5546875,6816.94873046875,1859.7193603515625,630.1322631835938,549733.0625,0.0,0.4118873476982116,1.678903579711914,0.1826556921005249,0.1732758432626724,1.337692379951477,2.3710649013519287,-45.19230270385742,2.6922128200531006,649.0933227539062,3.024630264076908e+19,788.04638671875,8.305324632760648e+17,0.8088322281837463,0.0991502404212951,0.3610776662826538,NT,0.5848358869552612,1.8126311302185056,796.36669921875,-45.20951843261719,-0.0002797055931296,-0.0001265447062905,,0.0,0.4160508215427398,1.280795693397522
193839,3720,4180,490915.21875,-1.0170966386795044,35093406584810.07,1010312.3125,1.727568745613098,1.401865839958191,0.5613589882850647,179551.1875,12097.0966796875,3552.468994140625,1104.462890625,931053.0,0.0,0.3116814494132995,2.46518874168396,0.1791663616895675,0.1671162098646164,1.610445499420166,2.803762435913086,-57.13740921020508,2.701096296310425,758.4121704101562,3.437735034525372e+19,1008.25830078125,1.054253323995054e+18,2.383927345275879,0.1449595093727111,1.2010029554367063,NT,1.05145001411438,1.8582061529159544,1017.4375,-57.12968063354492,-0.0004748261126223,-0.0004183470155112,146910.359375,0.0,0.3081364333629608,1.2609399557113647
193840,5200,5680,488511.46875,-1.0223840475082395,35479307779330.89,1149582.375,1.7292217016220093,1.4070522785186768,0.5605548620223999,180576.0625,13700.0078125,6164.0986328125,1102.858154296875,1085753.625,0.0,0.3090767562389374,2.485377073287964,0.1584897488355636,0.1464655995368957,1.533247470855713,2.6385419368743896,-57.76812362670898,2.738544225692749,758.119140625,3.339993948374224e+19,1013.572021484375,9.94265687570514e+17,2.300359010696411,0.1717838048934936,1.310795545578003,NT,1.054175853729248,1.7758593559265137,1023.9720458984376,-57.75324630737305,-0.0005016381037421,-0.0004598973318934,151386.625,0.0,0.3039772510528564,1.2613859176635742
193840,1870,2460,493780.25,-1.01763117313385,28122313173322.164,710804.75,1.7261701822280884,1.407503366470337,0.5600430965423584,118575.234375,7257.9208984375,-2246.489013671875,651.04248046875,545828.1875,0.0,0.4166802167892456,1.6015164852142334,0.1734505146741867,0.163541555404663,1.2934107780456543,2.2677557468414307,-44.39581680297852,2.6932601928710938,655.2222290039062,2.922968099558785e+19,766.9966430664062,8.340719973643059e+17,0.7781825065612793,0.0832861959934234,0.3418691754341125,NT,0.6067644357681274,1.7946810722351074,774.666748046875,-44.41440582275391,-0.0003306589205749,-0.0001844903599703,,0.0,0.4220820665359497,1.279283881187439
193841,3330,4100,982222.375,-2.023732185363769,81219960128025.95,4841135.0,1.7341653108596802,1.4557979106903076,0.555809736251831,595057.6875,35010.3203125,13577.2431640625,4755.716796875,4595828.0,0.0,0.3677347898483276,1.979593276977539,0.1233162879943847,0.1160605400800705,1.068762183189392,1.8436983823776243,-52.1256103515625,2.788048505783081,1087.5499267578125,8.357017567209141e+19,1130.323974609375,2.411136640736035e+18,1.369436740875244,0.1658324301242828,0.900652289390564,NT,3.944255828857422,1.8928478956222528,1154.7342529296875,-52.51736831665039,-0.0002718726755119,-0.0008405186235904,,0.0,0.3597371876239776,1.2976081371307373
193843,4240,4710,986401.75,-2.0275673866271973,81851154501373.28,8224948.0,1.7360410690307615,1.4513367414474487,0.5552605986595154,742035.3125,73068.5390625,57508.07421875,8397.9716796875,8139671.5,0.0,0.2149541527032852,2.474407911300659,0.0909072086215019,0.0819558650255203,1.081698656082153,1.7599639892578125,-70.9853286743164,2.7712507247924805,1269.63623046875,8.087902860413292e+19,1415.3251953125,2.4749971007109857e+18,2.0356013774871826,0.3720055222511291,0.7971675992012024,NT,6.947652816772461,1.9094220399856567,1448.043701171875,-71.47537994384766,-0.0005232176044955,-0.0014187099877744,,0.0,0.2790509462356567,1.2844783067703247
193843,5080,5600,985855.4375,-2.0347371101379395,80531713139409.14,9631547.0,1.7359235286712646,1.4557435512542725,0.5553643703460693,794748.75,93196.453125,43160.453125,9757.7236328125,9596149.0,0.0,0.2106197923421859,2.6381137371063232,0.0829188749194145,0.073195032775402,1.0859719514846802,1.740074634552002,-74.03287506103516,2.805687427520752,1353.6995849609375,7.83428598991327e+19,1555.080078125,2.5790007302160384e+18,2.379342555999756,0.4755921363830566,0.893042802810669,NT,7.8169026374816895,1.966609597206116,1590.672119140625,-74.42909240722656,-0.0005537670804187,-0.0014598206616938,,0.0,0.2610810399055481,1.2872308492660522
193843,3530,4000,987105.0625,-2.0244252681732178,81366646271132.83,8204428.5,1.7360817193984983,1.4510754346847534,0.5548949241638184,749225.0,74124.8125,-29469.751953125,8294.2236328125,8102890.5,0.0,0.2069572508335113,2.50073504447937,0.0911874249577522,0.0821739211678505,1.0915628671646118,1.771649718284607,-70.65254211425781,2.7599923610687256,1296.6173095703125,8.144134523885663e+19,1430.770751953125,2.3637317466602865e+18,2.205702543258667,0.4006658792495727,0.6817886829376221,NT,6.862370491027832,1.874849319458008,1465.6778564453125,-71.12139129638672,-0.0005346862017177,-0.0014324896037578,,0.0,0.2803045213222503,1.2824983596801758
193848,2310,2730,592691.5625,-2.0183799266815186,38813521973277.59,3703109.25,1.733314871788025,1.405803084373474,0.5588923692703247,327123.5625,71123.7890625,6747.0458984375,3847.72021484375,3818800.75,0.0,0.2349567115306854,1.8820751905441284,0.0885355621576309,0.0692861825227737,1.190197229385376,1.948392033576965,-58.6867561340332,4.425174713134766,904.7935180664062,3.899432941265722e+19,1158.7928466796875,9.397022168836996e+17,0.3346656858921051,0.0231531672179698,0.9573200345039368,NT,3.6968703269958496,1.7308213710784912,1181.5928955078125,-58.69560241699219,-0.0011110260384157,-0.0007964035030454,117399.015625,0.0,0.1982229053974151,1.2494975328445437
193848,2980,3440,592883.9375,-2.020301818847656,42622348028851.2,5150856.0,1.7346168756484983,1.4060730934143066,0.5599375367164612,381449.40625,93452.625,-11173.0693359375,5465.51611328125,5385283.0,0.0,0.2499671727418899,2.199349880218506,0.0739094913005828,0.0558011531829834,1.1642895936965942,1.9031566381454468,-50.999637603759766,4.476136684417725,983.1150512695312,4.07516788473316e+19,1217.801025390625,1.2905086172706898e+18,0.8562927842140198,0.0684999749064445,1.0468043088912964,NT,4.785432815551758,1.9227770566940308,1260.1343994140625,-51.62657165527344,-0.0012297084322199,-0.0009526862995699,100387.6796875,0.0,0.1613934785127639,1.2462624311447144
193856,2260,2730,791984.125,-1.6192938089370728,48662282839280.37,2910671.75,1.742164134979248,1.4059921503067017,0.5637816786766052,393326.78125,38658.96484375,16665.1015625,3160.087890625,2757108.0,-3.7100625376462455,0.3380748629570007,2.0841333866119385,0.1370912045240402,0.1237240210175514,1.2632838487625122,2.10693359375,-74.00139617919922,2.666510343551636,1128.0745849609375,5.160256558780645e+19,1375.6041259765625,1.225697217176666e+18,2.5036940574646,0.5297916531562805,1.3295196294784546,NT,3.035229444503784,1.7085347175598145,1399.8167724609375,-74.04598236083984,-0.0002126478793798,-0.0005168662173673,251154.4375,-27.985694885253903,0.3150891959667206,1.2783398628234863
193856,3280,3730,791367.3125,-1.6217070817947388,49672557238279.59,3545063.0,1.7424476146697998,1.4064645767211914,0.5646243691444397,419423.6875,48390.70703125,-33303.48046875,4050.4990234375,3438169.5,-1.375481309605736,0.3974346220493316,2.221400260925293,0.1180812865495681,0.1045214682817459,1.2298766374588013,2.017172336578369,-64.15605163574219,2.685502052307129,1130.9835205078125,5.166123552826458e+19,1412.48046875,1.1977689346363884e+18,3.279515504837036,0.6580018997192383,1.2778033018112185,NT,3.61674427986145,1.684473991394043,1441.45654296875,-64.16613006591797,-0.0003325132129248,-0.000659276091028,234438.15625,-55.04693984985352,0.3010811507701874,1.2793251276016235
193861,2110,2660,594268.3125,-2.019629716873169,45780158254581.0,4383013.5,1.7333924770355225,1.4094685316085815,0.5594155192375183,338108.28125,55341.7421875,9694.587890625,3961.62548828125,3957595.75,547692.4340230434,0.231025829911232,1.9337873458862305,0.0773264020681381,0.0646691545844078,1.1596781015396118,1.8143136501312256,-49.19430160522461,4.461935997009277,903.996826171875,4.192327445742459e+19,1090.73828125,1.1747747105257554e+18,0.3922453224658966,0.0446614772081375,1.0147525072097778,NT,3.812742233276367,1.7831408977508545,1113.1563720703125,-49.214599609375,-0.0005163872847333,-0.0005130487843416,116189.6796875,546946.625,0.196517065167427,1.255762815475464
193861,3600,4120,592419.8125,-2.0231144428253174,49961485173583.84,2679974.75,1.7328956127166748,1.4088034629821775,0.5594140887260437,271309.0625,24939.978515625,230.5914306640625,2884.845947265625,2666627.75,-3.13820182423261,0.3634476363658905,1.550655484199524,0.1012822464108467,0.0919723063707351,1.1378941535949707,1.852252960205078,-37.797645568847656,4.445316791534424,741.540771484375,4.665969787099991e+19,852.953369140625,1.552242824777302e+18,0.2089402377605438,0.0236806832253932,0.7700189352035522,NT,2.2647337913513184,1.941351294517517,878.3571166992188,-38.31837463378906,-0.0003561645280569,-0.0003209964779671,175211.40625,-32.43305587768555,0.2961309850215912,1.2591557502746582
193861,3040,3500,593430.5,-2.021772146224976,50239339870897.65,3787022.0,1.7339893579483032,1.405849814414978,0.5598219037055969,317867.65625,41915.07421875,-79890.40625,3869.37109375,3873825.0,-12.796329028139215,0.3123558461666107,1.82141387462616,0.0824087038636207,0.0715529546141624,1.134671330451965,1.8008397817611694,-44.437530517578125,4.442286968231201,835.2484741210938,4.609523498957878e+19,976.7042846679688,1.5735431137863926e+18,0.3246899545192718,0.0394574105739593,0.7636488676071167,NT,3.241279125213623,1.941199541091919,1003.3731689453124,-44.748477935791016,-0.0006963724154047,-0.0006821925635449,151923.640625,-46.17242813110352,0.2550726234912872,1.2532325983047483
193869,2660,2950,984626.75,-2.0205979347229004,60407534436012.15,8774364.0,1.7355046272277832,1.4558181762695312,0.5549461245536804,687344.4375,126766.2109375,78655.2890625,8875.6796875,8693770.0,0.0,0.1726822108030319,2.2934155464172363,0.0791459083557128,0.0645513609051704,1.0062614679336548,1.6309062242507937,-35.490074157714844,2.772714853286743,1421.6712646484375,6.3370647335986e+19,1499.5863037109375,1.9384682742661773e+18,3.353663444519043,0.1632005274295807,1.276933193206787,NT,3.928268194198608,1.905456185340881,1543.7203369140625,-36.13154983520508,-0.0020028576254844,5.069356918334961,,0.0,0.2630822360515594,1.288557529449463
193869,3230,4170,983866.6875,-2.0236968994140625,67827622385763.81,9640796.0,1.7351144552230835,1.4599597454071045,0.5552261471748352,714268.6875,117149.2421875,-12389.6611328125,9616.830078125,9586151.0,0.0,0.2288448810577392,2.37569546699524,0.0740082189440727,0.0618698894977569,0.9884116053581238,1.5881733894348145,-37.156532287597656,2.801077127456665,1370.02734375,7.103813125470054e+19,1428.1719970703125,2.462095431270662e+18,2.3140435218811035,0.1960172653198242,1.3827574253082275,NT,4.386291027069092,2.026164054870605,1465.7808837890625,-37.71839904785156,-0.0020037230569869,5.069374561309815,,0.0,0.284012109041214,1.2929933071136477
193870,3600,4860,982394.5,-2.026273727416992,68848396929504.06,9488277.0,1.7343703508377075,1.4569145441055298,0.5556058883666992,606983.125,98440.65625,9942.48046875,9417.84765625,9365327.0,15.912154288553236,0.3095288276672363,2.017580032348633,0.0640547573566436,0.05366712808609,0.8423262238502502,1.3631010055541992,0.4688717424869537,2.7965478897094727,1227.724609375,6.965104455970298e+19,1208.24658203125,2.9735582788202004e+18,1.891457796096801,0.0760990902781486,1.4040639400482178,NT,1.495869755744934,2.268917322158813,1248.998779296875,-0.1254511475563049,5.069025993347168,5.067897796630859,,1.460296630859375,0.3497822880744934,1.2955832481384275
193871,3640,4120,984891.9375,-2.0246193408966064,66740175815023.83,9490435.0,1.734915256500244,1.4565733671188354,0.5556097030639648,732469.4375,120735.5703125,-56260.19921875,9619.3251953125,9440846.0,0.4329636018234744,0.250841736793518,2.440183639526367,0.0768238976597786,0.0641696751117706,1.024813175201416,1.641658902168274,-47.33212661743164,2.796863079071045,1427.072509765625,6.859163432001523e+19,1549.853515625,2.26554219720396e+18,2.796580076217652,0.3043334186077118,1.3038347959518433,NT,5.633214473724365,2.02611780166626,1590.01220703125,-47.859375,0.2087981551885604,2.5219533443450928,,-49.35140228271485,0.2695053517818451,1.2912116050720217
193871,4200,4760,983607.9375,-2.027372598648072,69422181737275.77,9379124.0,1.7342947721481323,1.4565529823303225,0.5558682084083557,647331.125,100923.4921875,-24557.037109375,9489.2470703125,9280564.0,-8.858961785289818,0.2930168509483337,2.152627944946289,0.0689068883657455,0.0581736043095588,0.9042203426361084,1.4572423696517944,-14.355690002441406,2.8018462657928467,1236.44970703125,7.161857663714302e+19,1290.3505859375,2.9422425383936983e+18,2.6949501037597656,0.1163728013634681,1.5159581899642944,NT,2.773265600204468,2.2782304286956787,1323.8106689453125,-14.891404151916504,5.069572448730469,2.523463249206543,,74.27194213867188,0.3171185851097107,1.2949069738388062
193872,2500,2840,983508.1875,-2.020496129989624,58659062659308.89,8074063.0,1.7344011068344116,1.4525213241577148,0.5550641417503357,580312.125,107738.875,36499.203125,8212.9052734375,7914825.0,26.56058053587521,0.2361667901277542,1.937307834625244,0.0731313526630401,0.0596845597028732,0.8840942978858948,1.4466099739074707,-6.03334903717041,2.760617256164551,1289.857421875,5.961718731764243e+19,1295.7783203125,1.8888983043563848e+18,2.028864860534668,0.0590803362429142,1.1892083883285522,NT,1.4254177808761597,1.9671416282653809,1334.4737548828125,-6.429556369781494,5.069386005401611,3.575828313827514,,17.180898666381836,0.3084235191345215,1.290205955505371
193872,3100,3820,982652.875,-2.022745132446289,68739715853981.92,9942886.0,1.734472155570984,1.4563438892364502,0.555010199546814,601019.25,97837.125,14617.771484375,9498.8935546875,9346844.0,466058.6210310916,0.3086331188678741,2.002319574356079,0.0605414360761642,0.0506862513720989,0.8225411772727966,1.3196293115615845,6.93448543548584,2.780624866485596,1177.9534912109375,6.997401510524591e+19,1161.16552734375,2.916933155111829e+18,0.7742545008659363,0.057945292443037,1.2331748008728027,NT,1.4658273458480835,2.2917821407318115,1202.97802734375,6.54137659072876,5.069523334503174,5.067931652069092,,464354.4375,0.3590971231460571,1.2919734716415403
193873,3100,4800,983046.5,-2.022960901260376,58933287755516.1,9419142.0,1.7343075275421145,1.4546438455581665,0.5557971596717834,613887.3125,130763.21875,978.9883422851562,9497.9853515625,9324334.0,5.667779823698818,0.3152230978012085,2.045209646224976,0.0651924461126327,0.0513058640062809,0.8555683493614197,1.4054456949234009,5.130786418914795,2.783329963684082,1363.6202392578125,6.002078285182691e+19,1372.1170654296875,2.773558213239374e+18,1.2123616933822632,0.059771291911602,1.7042508125305176,NT,1.4577463865280151,2.413027286529541,1413.3575439453125,4.826739311218262,5.069324493408203,5.06821870803833,,-12.633230209350586,0.3222614228725433,1.294175148010254
193875,2640,2980,985227.4375,-2.020695686340332,44544038738235.27,8225636.5,1.7351621389389038,1.4496372938156128,0.5556251406669617,723426.25,202070.390625,97445.6953125,8428.671875,8212666.0,-8.355570837603372,0.1754369586706161,2.4223222732543945,0.0891481637954711,0.0642538592219352,1.0869393348693848,1.8339873552322388,-56.023345947265625,2.758107185363769,1830.5814208984373,4.54945102146736e+19,2106.8203125,1.6620279612991078e+18,5.341784477233887,0.2385041564702987,1.915892243385315,NT,4.226140975952148,2.048579931259156,2149.846435546875,-56.583961486816406,-0.002258121734485,5.069306373596191,,55.49542617797852,0.1826862543821334,1.2857061624526978
193875,3500,4700,984681.1875,-2.025378942489624,41873410990897.375,8995959.0,1.733639121055603,1.456883668899536,0.5554628968238831,772358.6875,249922.125,-12119.54296875,9197.6142578125,8996520.0,2.197132083734996,0.2445375025272369,2.571979522705078,0.0857743546366691,0.0580229274928569,1.0797187089920044,1.868265151977539,-50.46939086914063,2.798431158065796,2000.923828125,4.189232100607944e+19,2718.395263671875,3.1817038014174986e+18,7.626049041748047,0.4667278528213501,3.242508888244629,NT,4.7411208152771,3.179499626159668,2713.56591796875,-50.10891342163086,-0.0022486895322799,5.020793437957764,,76.74636840820312,0.217533141374588,1.2913658618927002
193876,1570,2000,790150.875,-1.6154186725616455,34879817985484.625,2049765.25,1.7252751588821411,1.4088784456253052,0.561276376247406,287085.125,37501.33984375,56016.703125,2039.8646240234373,1863446.875,222.70845811309653,0.5303757190704346,1.5196388959884644,0.1472828686237335,0.1282896250486374,1.1572309732437134,1.9487032890319824,-73.50201416015625,2.676339626312256,1114.675537109375,3.649980800909391e+19,1286.934814453125,9.467017079061216e+17,0.7605540156364441,0.0841101333498954,4.985971927642822,NT,1.9424450397491453,1.7643656730651855,1307.49072265625,-73.49334716796875,-2.032557313214056e-05,-0.0002073709765681,226508.25,-133.01365661621094,0.3163051903247833,1.2814717292785645
193877,3050,4000,787104.9375,-1.615262150764465,45126142468641.52,2429193.5,1.7328271865844729,1.429806113243103,0.5552036762237549,338365.84375,32242.796875,16075.96875,2270.371826171875,2252180.75,-134.8657009350012,0.3768589794635772,1.7961076498031616,0.1419003754854202,0.128379225730896,1.1929482221603394,2.013662576675415,-69.71858978271484,2.6750009059906006,1061.0423583984375,4.755690815535815e+19,1222.2337646484375,1.0634420801073316e+18,1.2641464471817017,0.1039504185318946,2.7492849826812744,NT,2.168943405151367,1.6627984046936035,1242.0357666015625,-69.66279602050781,-0.0001072879967978,-0.0005848488654009,258507.671875,35.19989013671875,0.3290059268474579,1.2703202962875366
193877,2440,2840,788228.9375,-1.6136856079101562,40824043855320.2,2439651.5,1.734492301940918,1.4243677854537964,0.5568268895149231,326037.625,37688.32421875,16577.908203125,2266.16357421875,2252155.5,-164.1916000986975,0.3712500631809234,1.7314380407333374,0.1364428699016571,0.1206692159175872,1.1700584888458252,1.9568397998809808,-70.43968200683594,2.659940719604492,1088.1065673828125,4.372085282353604e+19,1268.451171875,1.01408472825856e+18,1.0919100046157837,0.0832185968756675,3.3102660179138184,NT,2.163785696029663,1.69043231010437,1287.3145751953125,-70.3965835571289,-9.964640776161104e-05,-0.000586166861467,268506.59375,60.25933456420898,0.328880250453949,1.2728575468063354
193877,4200,4720,786265.0625,-1.616929531097412,45446343978605.88,3372854.0,1.732410907745361,1.435891032218933,0.5552530288696289,398330.8125,53084.89453125,-18487.955078125,3303.993896484375,3279979.0,-138.67236621773435,0.3492145836353302,2.108806848526001,0.118516206741333,0.1028830334544181,1.2072323560714722,1.9940714836120603,-69.68675231933594,2.711390256881714,1153.638427734375,4.707101197681138e+19,1372.2471923828125,1.0435639406692924e+18,1.6690324544906616,0.1762915551662445,1.8471637964248653,NT,2.8230412006378174,1.650036096572876,1398.5604248046875,-69.6270751953125,-0.0002482029376551,-0.0007758500869385,213834.765625,-803.2160034179688,0.2758259177207947,1.2725005149841309
193877,1590,2180,789573.3125,-1.6119626760482788,40443233094768.84,2417166.5,1.7286909818649292,1.4148385524749756,0.5592796206474304,324414.40625,38124.9296875,-48558.81640625,2244.366455078125,2250230.25,-128.87946118840566,0.5281971096992493,1.7222565412521362,0.1342100501060485,0.1184166669845581,1.165995955467224,1.9435285329818728,-72.0847396850586,2.666591167449951,1093.3199462890625,4.267871811054391e+19,1276.3609619140625,9.714042294889348e+17,0.9759908318519592,0.0940062925219535,4.472142219543457,NT,2.1437463760375977,1.6748617887496948,1294.7559814453125,-72.05953216552734,-0.0001085493786376,-0.0006152162095531,243518.34375,301.23907470703125,0.3367137312889099,1.2756023406982422
193878,2105,2520,788395.9375,-1.6189179420471191,42042166647797.12,2458151.5,1.7338578701019287,1.4218531847000122,0.5559824705123901,324728.40625,35792.4296875,30038.36328125,2272.1162109375,2267998.5,-196.76036542910376,0.327258288860321,1.7259565591812134,0.1363816410303115,0.121331013739109,1.1599555015563965,1.946072578430176,-69.47105407714844,2.6552653312683105,1085.9285888671875,4.453532705692739e+19,1255.371337890625,1.0041926283018895e+18,1.218254804611206,0.0936642438173294,3.439048290252685,NT,2.170583486557007,1.669278264045715,1273.7642822265625,-69.42456817626953,-0.0006743568810634,-0.0005798802012577,261492.28125,834.2371826171875,0.3239797055721283,1.266466736793518
193878,1560,2095,789263.25,-1.616655945777893,42263004251621.3,2418141.0,1.7266228199005127,1.410035252571106,0.5603513121604919,333767.46875,36169.69140625,6513.24658203125,2261.894775390625,2257279.5,-190.31661595563867,0.5310527086257935,1.773069143295288,0.1406370848417282,0.1254369616508484,1.2018921375274658,2.013792037963867,-72.16920471191406,2.6834285259246826,1092.8558349609375,4.499171234338465e+19,1258.257568359375,9.964041689670616e+17,1.0695371627807615,0.11404849588871,3.7166595458984375,NT,2.159480571746826,1.6667464971542358,1278.6815185546875,-72.11580657958984,-0.0006840511341579,-0.0006001241854391,237972.0,-272.3672180175781,0.3267111480236053,1.2740105390548706
193879,3540,4000,984763.4375,-2.0225067138671875,54090331145154.94,5658600.0,1.7329145669937134,1.4537200927734375,0.5549447536468506,638478.8125,91977.6328125,11758.9873046875,5889.99951171875,5553279.5,-68.29332015675288,0.2735404670238495,2.127936601638794,0.1131342649459838,0.0968368127942085,1.1759055852890017,1.9060163497924805,-74.03252410888672,2.767985582351685,1538.12646484375,5.6389870001468735e+19,1749.8594970703125,1.4589724903436452e+18,2.293119668960572,0.1991571485996246,1.898759126663208,NT,4.477557182312012,1.7800679206848145,1784.087158203125,-74.02659606933594,-0.0007150917663238,-0.0010012673446908,229703.109375,-62.64255905151367,0.2432518750429153,1.290096640586853
193879,2380,3020,985272.75,-2.0198140144348145,53256655058510.21,4918123.0,1.734169363975525,1.4472721815109253,0.5557301640510559,554756.9375,73694.0,35361.2109375,4971.220703125,4749399.5,-127.0394474049954,0.2896654605865478,1.852306842803955,0.1139544025063514,0.0988128036260604,1.0906145572662354,1.7861244678497314,-59.28504180908203,2.7378697395324707,1384.824951171875,5.550701933896925e+19,1518.73828125,1.2385988866169897e+18,1.970393419265747,0.0792989060282707,1.5325651168823242,NT,3.5617387294769287,1.674268126487732,1550.2723388671875,-59.27360153198242,-0.0004282990121282,-0.000675062474329,274910.03125,-565.9566040039062,0.2773225903511047,1.2904964685440063
193880,4600,5520,587052.9375,-1.825794339179993,43452737966496.49,6286875.0,1.7315860986709597,1.4215158224105835,0.5568695664405823,323031.9375,80158.265625,11182.029296875,5460.126953125,5431504.5,1056748.8001295326,0.2602179944515228,2.067533254623413,0.0515555217862129,0.0387765057384967,0.933211386203766,1.4962040185928345,1.720261812210083,4.10984992980957,899.6695556640625,4.319829452927271e+19,941.5499877929688,1.3555836252774728e+18,0.1376851499080658,0.0218831934034824,0.9036191701889038,NT,1.3982090950012207,1.9055951833724976,977.2000122070312,1.301689386367798,-0.0013756889384239,5.071285247802734,143357.75,1067998.75,0.2196894288063049,1.2513090372085571
193881,4290,4890,984742.5625,-2.025143623352051,51179072848570.6,6476703.0,1.7333492040634155,1.4614648818969729,0.5555197596549988,687272.6875,120999.25,31592.47265625,6572.8271484375,6417249.0,0.0,0.2535759210586548,2.2743444442749023,0.1066830232739448,0.0879013016819953,1.1903177499771118,1.923321008682251,-75.9829330444336,2.808086633682251,1681.7412109375,5.231559887841919e+19,1944.4404296875,1.9130699679814124e+18,3.7127389907836914,0.2711308598518371,2.5198144912719727,NT,4.8921427726745605,2.104356288909912,1978.8106689453125,-76.07130432128906,-0.0010579676600173,-0.0008803312666714,272710.40625,0.0,0.2161743193864822,1.299630880355835
193881,3340,4020,985219.9375,-2.0218188762664795,52563802703219.34,5552624.0,1.7333195209503174,1.4562761783599854,0.5553961396217346,628318.0625,93011.8828125,50800.265625,5764.86083984375,5446019.5,0.0,0.2471135556697845,2.086997985839844,0.1142649501562118,0.0973537191748619,1.1717774868011477,1.90229594707489,-73.43321990966797,2.7771918773651123,1517.29833984375,5.458759012363692e+19,1765.542236328125,1.436681129041068e+18,2.902163505554199,0.1507856994867324,2.03787899017334,NT,4.37787675857544,1.7941408157348633,1796.387451171875,-73.45286560058594,-0.0010364148765802,-0.0008754347800277,243484.40625,0.0,0.2355952858924865,1.2956815958023071
193881,2460,3000,985784.875,-2.019246816635132,50687292476149.63,4943993.0,1.7343862056732178,1.4484339952468872,0.5563201904296875,556204.125,80795.5546875,31237.21484375,4997.287109375,4782668.5,0.0,0.3030368983745575,1.852748155593872,0.1133988127112388,0.0969313979148864,1.0944985151290894,1.7906254529953003,-61.95891952514648,2.744450807571411,1420.5670166015625,5.332247445253181e+19,1583.938232421875,1.1721618585812992e+18,2.010988473892212,0.0839787796139717,1.6413757801055908,NT,3.575267791748047,1.6639931201934814,1615.463623046875,-61.970741271972656,-0.0007344679906964,-0.0005188306677155,266633.3125,0.0,0.2715424597263336,1.2947547435760498
193882,1880,2360,788602.125,-1.6157907247543335,37831340747275.41,2231565.0,1.733540654182434,1.4227529764175415,0.5563671588897705,301400.71875,35578.0703125,18979.5625,2073.604248046875,2035013.0,0.0,0.3590943515300751,1.6001014709472656,0.1377341300249099,0.1214784979820251,1.1432678699493408,1.906159520149231,-73.14952087402344,2.6504769325256348,1086.8994140625,4.0832497350019645e+19,1285.36328125,9.80523097893372e+17,0.917721688747406,0.0886357352137565,4.21091890335083,NT,2.0320029258728027,1.7231389284133911,1302.36328125,-73.12865447998047,-0.0004488954145926,-0.0005507856840267,259779.59375,0.0,0.3379121422767639,1.271367430686951
193882,3730,4440,785531.625,-1.6221513748168943,53415297833022.016,2239382.75,1.7320090532302856,1.4354448318481443,0.5552811026573181,346821.625,21043.4453125,13345.7705078125,2079.50244140625,2035010.625,0.0,0.3941355943679809,1.8301661014556885,0.1561307162046432,0.1466571688652038,1.2119104862213137,2.1046955585479736,-66.18673706054688,2.7175447940826416,967.1966552734376,5.658121581102734e+19,1104.943603515625,1.230085230644167e+18,1.2512223720550537,0.1351341903209686,1.4043116569519043,NT,2.0409865379333496,1.6576108932495115,1121.2762451171875,-66.12515258789062,-0.0004366362118162,-0.0005453848280012,290627.21875,0.0,0.36074098944664,1.2753125429153442
193883,1640,1990,595252.25,-2.0183334350585938,35059128179059.43,2069360.5,1.72337806224823,1.4056313037872314,0.5621503591537476,220771.546875,30915.916015625,20386.1640625,2069.887451171875,2015152.25,0.0,0.4522355496883392,1.243598461151123,0.1078356206417083,0.0927427038550376,1.0954856872558594,1.7851624488830566,-46.85837173461914,4.459712028503418,726.2404174804688,3.509158650158724e+19,904.4334106445312,7.33758191443116e+17,0.1001762971282005,0.0044554034247994,0.7695066332817078,NT,2.023321390151977,1.6384364366531372,920.1723022460938,-46.89192962646485,-0.0007279466954059,-0.0009423422743566,172648.40625,0.0,0.2789715826511383,1.278135061264038
193883,2110,2450,593048.6875,-2.0188639163970947,37569554685438.56,3572688.5,1.733163595199585,1.4100992679595947,0.5585095882415771,316367.375,69419.03125,13000.2353515625,3722.864501953125,3675961.5,0.0,0.1908440440893173,1.8139508962631223,0.0889086574316024,0.0693985149264335,1.17308247089386,1.9228047132492063,-59.589115142822266,4.4357123374938965,891.978515625,3.714017457622693e+19,1163.5118408203125,8.248539667549389e+17,0.3357861042022705,0.0242741703987121,0.9382357597351074,NT,3.632691383361816,1.6630444526672363,1190.0648193359375,-59.556270599365234,-0.0007551416638307,-0.0009780295658856,114397.7265625,0.0,0.1966830641031265,1.2542353868484497
193884,1650,1990,595037.5,-2.0169930458068848,34574507331255.58,2071155.5,1.723971962928772,1.4043604135513306,0.562204122543335,226122.375,32401.12890625,15605.900390625,2061.379638671875,2019895.5,-60.38494008527996,0.4581075012683868,1.2759416103363037,0.1100709661841392,0.0943018794059753,1.1222957372665403,1.827866554260254,-48.17887115478516,4.450564384460449,729.59765625,3.515980680004423e+19,914.1558227539062,7.728818388163625e+17,0.083186887204647,0.0026715095154941,0.8062739372253418,NT,2.0192456245422363,1.6861132383346558,930.86767578125,-48.239036560058594,-0.0016233021160587,-0.0012580128386616,162384.578125,49.66590118408203,0.2684107422828674,1.277457356452942
193884,2830,3320,592073.5625,-2.0186917781829834,51682770943722.62,4405930.5,1.73223876953125,1.4108057022094729,0.558979332447052,362701.40625,53918.03515625,-12079.4921875,4774.56787109375,4564220.0,-49.00824833140059,0.2504251003265381,2.089751005172729,0.082125723361969,0.0699189975857734,1.2126935720443726,1.9220389127731323,-57.5199089050293,4.492560386657715,866.7349853515625,4.924839244548224e+19,1095.0714111328125,1.1173760116677672e+18,0.6441925764083862,0.0544305443763732,0.9479597806930542,NT,4.309567928314209,1.6371241807937622,1122.6204833984375,-57.58062744140625,-0.001692168531008,-0.0013952108565717,116670.109375,-584.8441162109375,0.1957426965236663,1.2483506202697754
193888,2160,2720,985907.9375,-2.019861221313477,52356550259435.86,3872283.0,1.7343732118606567,1.4488158226013184,0.5560958981513977,568522.3125,59016.21875,34142.65234375,3731.164794921875,3684039.0,-21.973040843752813,0.2851512432098388,1.8946506977081297,0.1482283025979995,0.1328383982181549,1.2489619255065918,2.0621542930603027,-96.86947631835938,2.7445876598358154,1440.677001953125,5.556739572147369e+19,1657.542236328125,1.0944681679393916e+18,1.5550545454025269,0.1272440999746322,1.749775767326355,NT,3.64255166053772,1.5937962532043457,1691.6104736328125,-96.7275390625,6.376753844961058e-06,-0.0005731039564125,262353.71875,-495.77825927734375,0.2713706791400909,1.2938854694366455
193892,2100,2580,594344.6875,-2.018772602081299,41049043156814.12,4613144.5,1.7336517572402954,1.41023588180542,0.5589795708656311,336704.84375,62143.48046875,10157.5556640625,3734.39111328125,3685281.0,1044776.0682676284,0.226019337773323,1.9278805255889893,0.0732002854347229,0.0597024261951446,1.1591451168060305,1.780541181564331,-43.20553588867188,4.449918746948242,953.3504638671876,3.899531017702919e+19,1126.8489990234375,9.675054986957948e+17,0.4206953048706054,0.0361459963023662,1.0570619106292725,NT,3.6468684673309326,1.6750681400299072,1152.51220703125,-43.328895568847656,-0.0008740124758332,-0.000832378049381,101418.3515625,1045476.3125,0.1686334162950515,1.2546180486679075
193893,4680,5000,586698.5,-1.838720202445984,40406776403139.39,6404596.0,1.7304258346557615,1.424024224281311,0.5551376342773438,253694.359375,75985.96875,12622.9072265625,5569.46435546875,5559012.5,999903.1184726997,0.3997728824615478,1.6007797718048096,0.0396908000111579,0.0278022568672895,0.6959956884384155,1.171784520149231,,4.090087413787842,769.091796875,4.099906016748818e+19,,,0.0657579377293586,0.017619501799345,1.2859675884246826,NT,1.2693201303482056,,,,-0.0012102390173822,5.071246147155762,,1000786.8125,0.3438005149364471,1.2547500133514404
193894,3520,4040,1035474.3125,-2.12855076789856,56495340872806.81,5733745.0,1.7335736751556396,1.4587935209274292,0.5543693900108337,669784.9375,89386.3984375,43175.14453125,5964.810546875,5612019.0,18.1398239999468,0.2289712727069854,2.009091854095459,0.1178076863288879,0.1020879372954368,1.1555604934692385,1.877887487411499,-74.34651947021484,2.7781574726104736,1578.0455322265625,5.84674807850352e+19,1771.791259765625,1.561328364235522e+18,2.958992719650269,0.1369597017765045,1.9639023542404173,NT,4.53857421875,1.801836013793945,1806.2877197265625,-74.3660888671875,-0.0013275472447276,-0.0011444588890299,252216.1875,-639.5662841796875,0.2252402007579803,1.294854998588562
193894,2340,3020,1036003.25,-2.1243350505828857,54312883048959.016,4939152.0,1.7344284057617188,1.4510236978530884,0.5553920269012451,578497.6875,72625.46875,56292.03515625,4956.38427734375,4728710.0,-0.8140533755223687,0.2828229963779449,1.740724802017212,0.118754357099533,0.1038520187139511,1.0727474689483645,1.7598296403884888,-61.60531234741211,2.745522737503052,1431.68310546875,5.570260046731805e+19,1563.0723876953125,1.2323511866700595e+18,1.7999815940856934,0.073891781270504,1.5966650247573853,NT,3.5567190647125244,1.6530072689056396,1591.7071533203125,-61.645755767822266,-0.001019611954689,-0.0007732710218988,302710.75,214.94406127929688,0.2879706919193268,1.2949542999267578
193896,3300,3680,589250.8125,-1.8230565786361688,38772137933324.414,1384455.75,1.7279701232910156,1.4239752292633057,0.5545598268508911,122696.125,0.0,10180.3916015625,0.0,0.0,1058013.370588574,0.5462825298309326,0.7702487111091614,0.0897435918450355,0.0897435918450355,0.7793900370597839,1.2284605503082275,,3.9961559772491455,570.3253784179688,3.85220012075972e+19,,,0.0868061482906341,0.0052900002337992,0.5520393252372742,NT,0.0,,,,-0.0005966734024696,-0.0003810600028373,,1056760.75,0.5115522742271423,1.26873517036438
193897,5400,5700,583623.9375,-1.644661545753479,52295217558797.53,8243199.0,1.7300695180892944,1.4313254356384275,0.5541601181030273,251672.109375,60770.33203125,-9208.47265625,7527.99755859375,7504853.5,972130.6094557156,0.4371263384819031,1.7799527645111084,0.0305066145956516,0.0231426991522312,0.6342653036117554,1.022556185722351,12.320927619934082,3.701439142227173,619.0314331054688,5.041622772580824e+19,783.1000366210938,1.553388653332398e+18,0.2695651352405548,0.0616299360990524,1.0773966312408447,NT,0.1722942739725113,1.898901462554932,810.8499755859375,12.18130874633789,5.069754600524902,5.06834077835083,161989.90625,973256.5,0.4021410346031189,1.255373477935791
193899,3100,3490,984391.9375,-2.021824359893799,56697833310447.77,9459402.0,1.7338110208511353,1.4543311595916748,0.5541390180587769,613950.625,140845.6875,28693.287109375,9566.0576171875,9369346.0,211.42347707847435,0.2890322208404541,2.048078775405884,0.0651267245411872,0.0501889884471893,0.8514126539230347,1.410496473312378,8.449041366577148,2.75976300239563,1372.8782958984375,5.862886710176016e+19,1365.07080078125,2.587224802313896e+18,0.910763144493103,0.0407751128077507,1.4867980480194092,NT,1.449503779411316,2.37214732170105,1414.4862060546875,8.135956764221191,5.0691680908203125,4.918667793273926,,170.8861541748047,0.3209426701068878,1.2864277362823486
193899,2660,2960,984445.125,-2.020484447479248,56056926901379.34,8641434.0,1.734328031539917,1.4511640071868896,0.554611325263977,570782.625,123675.6796875,34772.05859375,8655.4326171875,8507319.0,197.7677665885896,0.2510214149951935,1.9059325456619265,0.0663594529032707,0.0519838817417621,0.831118106842041,1.3746482133865356,11.55348300933838,2.7477993965148926,1316.355224609375,5.939385451580857e+19,1251.81298828125,2.042387653692752e+18,0.651412844657898,0.0319919697940349,1.2247283458709717,NT,0.9855141043663024,2.090127468109131,1304.3360595703125,11.26231288909912,5.069149017333984,4.679209232330322,,328.2740478515625,0.3153455257415771,1.287067174911499
193900,2360,2880,1035254.5625,-2.120570182800293,42793105312123.305,4905304.5,1.7344350814819336,1.4493507146835327,0.5559471249580383,561504.875,106592.6328125,39393.4296875,4932.10400390625,4717960.0,-39.39102109484163,0.2486345022916793,1.692768692970276,0.1157639473676681,0.0937905982136726,1.0682023763656616,1.7564018964767456,-71.98876190185547,2.733871459960937,1616.4549560546875,4.2200390970042745e+19,1844.556396484375,1.206123298862137e+18,2.4430935382843018,0.0825529396533966,1.6911815404891968,NT,3.532957077026367,1.8322694301605225,1871.064208984375,-71.97998809814453,-0.0013437046436592,-0.0010850842809304,263434.71875,-60.02548599243164,0.2471741586923599,1.29734468460083
193900,3300,3710,1034510.5,-2.123626232147217,45807195520687.6,5955830.0,1.733603835105896,1.455987572669983,0.5547893643379211,674975.6875,131864.953125,47454.84765625,6332.29443359375,5848047.0,14.79473366543747,0.2214286029338836,2.0330820083618164,0.1144209131598472,0.0920714437961578,1.168099045753479,1.900267601013184,-83.08289337158203,2.763608932495117,1791.2659912109375,4.495917999334202e+19,2114.021484375,1.5102660821689303e+18,4.7921881675720215,0.2170595824718475,2.2000603675842285,NT,4.772452354431152,1.986464500427246,2141.161865234375,-83.06959533691406,-0.0016381759196519,-0.0014672606484964,224107.28125,301.4184875488281,0.2110233753919601,1.29430091381073
193901,3600,4000,1033920.875,-2.124440670013428,54600652136175.42,6138671.5,1.7335100173950195,1.4589678049087524,0.5545941591262817,687238.0,102691.8359375,69378.6875,6275.3291015625,6017802.5,40.031726637865184,0.2241259813308715,2.0683751106262207,0.1134268790483474,0.0964913964271545,1.1578893661499023,1.8746962547302248,-74.1467056274414,2.7798948287963867,1643.9908447265625,5.137856868094942e+19,1824.978759765625,1.6213211546208174e+18,3.934511184692383,0.1644883900880813,2.1267549991607666,NT,4.7221455574035645,1.904333114624024,1864.3443603515625,-74.26103973388672,-0.0012642111396417,-0.0013936553150415,267332.59375,-35.31874465942383,0.2337890416383743,1.2954702377319336
193901,2430,2840,1034918.5,-2.1201183795928955,48540519939979.28,4912921.5,1.7344400882720947,1.450306057929993,0.5558298826217651,569724.375,86881.4609375,18674.25390625,4902.81787109375,4721497.0,-184.94160966276613,0.2439729273319244,1.718932032585144,0.1165766865015029,0.0988052934408187,1.0729429721832275,1.7528706789016724,-66.17586517333984,2.7403931617736816,1520.338134765625,4.651221817734306e+19,1691.348876953125,1.16072144009429e+18,2.051947832107544,0.0974983796477317,1.650220513343811,NT,3.504584789276123,1.70999276638031,1723.59033203125,-66.21895599365234,-0.0009978845482692,-0.0010240541305392,269490.9375,59.35782241821289,0.2590401470661163,1.2970465421676636
193902,3060,3540,984883.0,-2.022127628326416,47508655247925.26,9362851.0,1.733574628829956,1.4528199434280396,0.5545700788497925,633822.625,191724.578125,38379.75390625,9468.345703125,9299236.0,226.64834540293324,0.2813606262207031,2.1144347190856934,0.0680140703916549,0.0474477261304855,0.8585761189460754,1.4905378818511963,9.43498706817627,2.756051540374756,1524.248779296875,4.814273674673023e+19,1639.7010498046875,2.5688701049556173e+18,1.395777463912964,0.0614880099892616,1.708462476730347,NT,1.45682692527771,2.631162405014038,1683.8699951171875,9.258600234985352,5.069973468780518,4.826818466186523,,131.8925018310547,0.2887066900730133,1.28663969039917
193902,4590,4960,983387.0625,-2.032456159591675,40075288159465.305,10426155.0,1.7328778505325315,1.4558106660842896,0.5553010702133179,650986.5,257638.234375,-21661.087890625,9562.2978515625,9398504.0,973295.5079592284,0.3057920634746551,2.159785270690918,0.0623341053724288,0.0376646630465984,0.7906708121299744,1.4707491397857666,13.797021865844728,2.7947232723236084,1709.9129638671875,3.846275952109263e+19,2144.361328125,3.4529948265537864e+18,0.1355338096618652,0.2222979217767715,2.5430734157562256,NT,1.3628928661346436,3.6099328994750977,2176.6533203125,13.748665809631348,5.070031642913818,5.068615913391113,,972148.9375,0.2807465493679046,1.2939577102661133
193904,1700,1990,595891.125,-2.01694393157959,34793467783789.31,2284706.75,1.725473165512085,1.4064306020736694,0.5611928105354309,237455.59375,38499.52734375,30164.783203125,2265.3046875,2257500.0,-102.12145816570848,0.4291149377822876,1.3404428958892822,0.1053814962506294,0.0882931947708129,1.117178440093994,1.829866647720337,-48.71052932739258,4.437329292297363,776.6132202148438,3.30512733514582e+19,954.4032592773438,8.020007550105682e+17,0.0765088871121406,0.0029814857989549,0.8166325092315674,NT,2.162977933883667,1.7160321474075315,973.5800170898438,-48.685733795166016,-0.0002547522890381,-0.000555015169084,150009.078125,-482.7555236816406,0.2560183107852936,1.2742083072662354
193905,1660,1980,596085.625,-2.0176355838775635,34862779214889.613,2271925.75,1.72418475151062,1.4040297269821167,0.5621477365493774,237953.09375,38051.4921875,23076.1484375,2255.38671875,2242311.5,-102.43529985830423,0.4389562308788299,1.341486573219299,0.1058681085705757,0.0889425873756408,1.123319387435913,1.837281584739685,-48.56235122680664,4.44573974609375,760.4813232421875,3.386308456768707e+19,949.0029907226562,8.14788624997417e+17,0.0873341038823127,0.0038963954430073,0.7767041325569153,NT,2.1583731174468994,1.7154189348220823,966.7939453125,-48.584903717041016,0.0001015863163047,9.257334750145674e-05,155887.015625,-587.88134765625,0.2571119964122772,1.2759644985198977
193915,2130,2740,595254.5625,-2.018366575241089,32975555345152.93,3738670.75,1.735005021095276,1.401116967201233,0.5601231455802917,337053.03125,97011.921875,16677.15234375,3888.811767578125,3865732.25,7673.714234357583,0.2640751600265503,1.93486487865448,0.0905741751194,0.0645058378577232,1.1843032836914062,2.0258166790008545,-68.95170593261719,4.401048183441162,1024.267822265625,3.182293414527893e+19,1354.852294921875,8.46448512563413e+17,0.5084772706031799,0.0277787130326032,1.0089391469955444,NT,3.770088911056519,1.7390995025634766,1380.8690185546875,-68.92581939697266,-0.0011851519811898,-0.0011190118966624,103145.3046875,6883.2041015625,0.1817333996295929,1.2527204751968384
193915,1660,1990,597688.875,-2.0171761512756348,31781380517797.48,2320377.0,1.7248605489730835,1.4052720069885254,0.562416136264801,235503.25,46092.92578125,19391.484375,2315.79150390625,2301453.5,32.712507562806366,0.4839960634708404,1.32011079788208,0.102377213537693,0.0823397859930992,1.0904170274734497,1.8062161207199097,-51.0561752319336,4.453364372253418,812.82421875,3.0629691350258287e+19,984.7881469726562,7.098571451174748e+17,0.0518393442034721,0.0041917683556675,0.7525595426559448,NT,2.2122318744659424,1.6679131984710691,999.255859375,-51.06985855102539,-0.0011695420835167,-0.0011028361041098,150140.25,-663.2770385742188,0.2620351612567901,1.281588792800903
193916,2880,3290,791771.9375,-2.020853281021118,45870292835412.8,4933043.0,1.7348389625549316,1.42649507522583,0.5571074485778809,511996.15625,86046.796875,44818.0078125,4739.154296875,4528664.5,427279.3947178022,0.2719724774360657,2.169084072113037,0.1056229025125503,0.0878868475556373,1.2793687582015991,2.0300259590148926,-67.05122375488281,3.3632237911224365,1359.6644287109375,4.657299918012652e+19,1598.604736328125,1.1659863140849418e+18,1.2945473194122314,0.0617772527039051,1.166182518005371,NT,3.904335021972656,1.7508306503295898,1635.9119873046875,-67.07337188720703,-0.0003346569137647,-0.0006680627120658,,414544.65625,0.2060418128967285,1.2672317028045654
193916,2180,2750,791637.6875,-2.0196919441223145,44771322910726.734,3723662.0,1.735332489013672,1.4234683513641355,0.5569049119949341,433891.0625,64118.12890625,29409.7421875,3643.68505859375,3652076.25,10273.73346856344,0.2891558408737182,1.838455080986023,0.117628663778305,0.100247636437416,1.2202177047729492,1.9795982837677,-64.49703216552734,3.3277907371521,1198.129638671875,4.518815988689614e+19,1352.5137939453125,1.221084216142332e+18,0.761166512966156,0.0351121947169303,1.0418931245803833,NT,3.2068982124328613,1.801087737083435,1382.391357421875,-64.4889907836914,-0.0002227645454695,-0.0005127598415128,,10151.974609375,0.2549201846122741,1.2677526473999023
193916,4220,4700,790419.1875,-2.0242958068847656,53284595561340.96,4648182.0,1.7337160110473633,1.4293442964553833,0.5561884045600891,465181.75,61396.73828125,-4798.2841796875,4727.130859375,4532124.0,108.29765733867906,0.3978644013404846,1.96754801273346,0.1000507920980453,0.0868475139141082,1.1561201810836792,1.8601226806640625,-78.8503189086914,3.3712713718414307,1300.157470703125,5.626919640129706e+19,1603.75927734375,1.1867953962743237e+18,0.4746232330799103,4.118345737457275,1.8085319995880127,NT,3.91171669960022,1.6658514738082886,1630.787841796875,-78.87118530273438,-0.0003308102022856,-0.0006881547160446,,112.37171173095705,0.3682239651679992,1.2683638334274292
193917,2900,3270,791871.75,-2.0217413902282715,47865129457141.46,5254975.0,1.735082507133484,1.4250149726867676,0.5568048357963562,556187.4375,90072.140625,47295.5859375,5002.9638671875,4785231.0,533331.4999283905,0.2113369405269622,2.3629982471466064,0.1073371842503547,0.0899357944726944,1.3499749898910522,2.125241994857788,-83.63331604003906,3.364816665649414,1428.0662841796875,4.781494154416462e+19,1863.75537109375,1.083728756834566e+18,1.6045724153518677,0.0871338993310928,1.2951295375823977,NT,4.484795093536377,1.639010310173035,1898.3343505859373,-83.66268157958984,-0.0007475526072084,-0.0010468628024682,141205.78125,503278.59375,0.1754054874181747,1.261440992355347
193917,2120,2550,792333.875,-2.019425392150879,44534709874188.65,3968515.75,1.7352280616760254,1.4180793762207031,0.5564523935317993,452945.46875,72090.7578125,50234.59765625,3907.770263671875,3900895.0,11069.89685033912,0.4012087285518646,1.928154349327088,0.1157490238547325,0.0973266884684562,1.241718292236328,2.011314630508423,-80.03771209716797,3.2998838424682617,1235.5367431640625,4.463645573840372e+19,1510.8453369140625,1.0631211601509745e+18,1.314346432685852,0.0687456354498863,1.0797289609909058,NT,3.770125150680542,1.6806594133377075,1538.2703857421875,-79.98696899414062,-0.0006490318919532,-0.0008768549887463,190300.65625,10355.72265625,0.3017513751983642,1.257651925086975
193917,3850,4320,791366.6875,-2.024232149124145,56421224163118.55,4772266.5,1.7349189519882202,1.425349235534668,0.5558947920799255,608769.6875,72662.7109375,-81644.5546875,4955.72705078125,4785233.5,3758.503103230458,0.1899670958518982,2.597652673721313,0.1256956756114959,0.1106886267662048,1.4862985610961914,2.36867904663086,-92.07836151123048,3.372966051101685,1513.0096435546875,5.588920518273768e+19,2066.87646484375,1.2153473767854572e+18,3.3709051609039307,0.1262213736772537,1.896678447723389,NT,4.45681619644165,1.611674666404724,2099.2509765625,-92.12384796142578,-0.0007564228144474,-0.0010463432408869,179137.859375,3014.220703125,0.1845542192459106,1.25480318069458
193918,2150,2580,793086.75,-2.018458366394043,45354574699529.86,3951127.0,1.735222578048706,1.4207841157913208,0.5565506219863892,458595.71875,69986.6953125,30380.470703125,3897.6953125,3887972.0,10473.410714081285,0.3797859251499176,1.9483698606491089,0.117065779864788,0.0992051139473915,1.252593159675598,2.027298212051392,-78.70281982421875,3.3136146068573,1222.82666015625,4.596354428289679e+19,1492.241943359375,1.0941996122243072e+18,1.0177146196365356,0.0628383383154869,1.0924822092056274,NT,3.77804446220398,1.6972438097000122,1523.5023193359375,-78.64445495605469,-0.0006308789015747,-0.0008914481732062,189736.84375,10366.6708984375,0.2761581838130951,1.2612173557281494
193918,3720,4200,790643.375,-2.021263360977173,59145260896077.59,4911722.0,1.7335225343704224,1.4288945198059082,0.5563817024230957,475762.75,54494.3203125,-22633.7265625,4982.02392578125,4758369.0,4772.83141365246,0.4982794821262359,2.0165698528289795,0.0964394584298133,0.0853932127356529,1.1341291666030884,1.8276318311691284,-110.10395050048828,3.3729491233825684,1286.565185546875,6.43741891908432e+19,1735.6451416015625,1.2223155317264876e+18,0.3464459180831909,3.6274919509887695,2.4090895652771,NT,4.473664283752441,1.5944921970367432,1750.7550048828125,-110.07391357421876,-0.00072025321424,-0.0010051765711978,336356.1875,4776.99169921875,0.4197255671024322,1.268530249595642
193920,2140,2760,792344.6875,-2.0185046195983887,45144543279444.84,3956142.5,1.7350207567214966,1.4234590530395508,0.5566525459289551,463812.59375,71813.625,6854.9228515625,3920.035400390625,3907883.0,8983.187042953603,0.2889904081821441,1.9687992334365845,0.1175854802131652,0.0993800312280654,1.264242172241211,2.045050621032715,-78.9987564086914,3.331346035003662,1214.1021728515625,4.623323249495769e+19,1504.934814453125,1.0915348770749152e+18,1.1591918468475342,0.0669678971171379,1.0757285356521606,NT,3.79938554763794,1.704928636550903,1536.5650634765625,-78.92642211914062,-0.0004445636586751,-0.0006231064326129,176474.28125,8890.3583984375,0.244077980518341,1.264373540878296
193920,3610,4300,792686.0625,-2.0214576721191406,44668928616435.85,4746572.5,1.7336169481277466,1.4282602071762085,0.5555566549301147,540500.375,99316.2734375,-19457.279296875,5014.62158203125,4794958.5,1379.3946029686788,0.2220446318387985,2.2945427894592285,0.113431915640831,0.0925893038511276,1.349218249320984,2.169743299484253,-90.31727600097656,3.363011121749878,1393.9095458984375,4.568155033669783e+19,1761.644775390625,1.171077465238405e+18,1.7040139436721802,0.1037660166621208,1.0681644678115845,NT,4.8831658363342285,1.7622318267822266,1797.6202392578125,-90.2377700805664,-0.0007703770534135,-0.0009735953062772,138380.40625,1446.5118408203125,0.1613749712705612,1.2598876953125
193921,2120,2650,791576.4375,-2.017514228820801,40736710773511.24,3953465.0,1.7356889247894287,1.4232450723648071,0.5576530694961548,462075.21875,84767.0546875,30695.783203125,3908.77197265625,3913285.25,12089.898995259226,0.2769149839878082,1.960209965705872,0.1178846359252929,0.0962627306580543,1.2690205574035645,2.064196348190308,-85.65428924560547,3.3370516300201416,1306.1719970703125,4.10134857600446e+19,1622.3424072265625,1.0478077119551242e+18,1.0111039876937866,0.0808832496404647,1.0146344900131226,NT,3.7870066165924072,1.7411822080612185,1651.216552734375,-85.58538818359375,2.1256817490211688e-05,-9.992389095714316e-05,173269.515625,11574.7294921875,0.2173255234956741,1.269362449645996
193921,3330,4200,791981.5625,-2.0216243267059326,41404888972648.31,4753943.5,1.7341941595077517,1.4300309419631958,0.5569897890090942,539370.0625,111947.703125,11274.8369140625,5000.33837890625,4803000.5,-60.66186440308186,0.2344185560941696,2.2796030044555664,0.1137617751955986,0.0901493355631828,1.3468400239944458,2.1850030422210693,-94.77003479003906,3.3868987560272217,1422.2354736328125,4.161933425913522e+19,1832.54150390625,1.071500400827302e+18,2.0315263271331787,0.115663930773735,0.9811750650405884,NT,4.868701457977295,1.7490200996398926,1866.729736328125,-94.69952392578124,-0.0002614425611682,-0.0004190748732071,132368.109375,95.79940795898438,0.1596765220165252,1.2692965269088743
193922,2100,2760,792248.0,-2.0173981189727783,43644116978831.72,3967785.5,1.7352006435394287,1.4227701425552368,0.5566384792327881,461613.46875,75803.9921875,35469.43359375,3913.918701171875,3920867.75,10078.27281416621,0.2796751260757446,1.9615788459777832,0.1175599321722984,0.0982558652758598,1.2620699405670166,2.046485185623169,-81.08172607421875,3.325677394866944,1236.9622802734375,4.494854991492468e+19,1525.038818359375,1.0557468731024344e+18,1.1935856342315674,0.0558386668562889,1.0637060403823853,NT,3.79247522354126,1.702594757080078,1556.3507080078125,-81.0567398071289,-0.0004747528291773,-0.0009762026602402,173177.625,8852.2490234375,0.2385383248329162,1.264207124710083
193922,3000,3520,792704.5625,-2.018819808959961,43977524659359.23,5366915.5,1.7342915534973145,1.4275161027908323,0.556504487991333,534525.5625,101418.78125,15042.1142578125,5013.71044921875,4815458.5,618472.5008100662,0.2502816915512085,2.2669007778167725,0.1003377586603164,0.0813162252306938,1.285686731338501,2.0305423736572266,-82.90708923339844,3.3621866703033447,1366.9322509765625,4.586858166262904e+19,1719.4224853515625,1.1358131036786524e+18,1.45310640335083,0.0949300676584243,1.023580551147461,NT,4.879547119140625,1.7442818880081177,1756.90185546875,-82.88426971435547,-0.0008550288621336,-0.0013528923736885,137748.96875,595573.6875,0.172664612531662,1.2638124227523804
193922,3600,4020,792617.5,-2.020343780517578,45320305061939.01,4770126.5,1.7340906858444214,1.4274539947509766,0.556282103061676,563295.375,99834.8984375,34609.53515625,5029.35595703125,4815458.0,2603.2502967991577,0.2179986834526062,2.3920717239379883,0.1190473735332489,0.0979488417506218,1.411858081817627,2.265310764312744,-95.27204132080078,3.368903875350952,1445.1214599609375,4.755940624577646e+19,1859.0673828125,1.139922322229035e+18,2.0543391704559326,0.1347376853227615,1.1808619499206543,NT,4.895252704620361,1.726723074913025,1891.4906005859373,-95.20930480957033,-0.0008625851478427,-0.0013807456707581,147671.109375,2419.013916015625,0.1736908555030822,1.261568307876587
193923,2190,2480,788066.875,-2.018341541290283,34296083876797.26,4105978.25,1.737030267715454,1.365974187850952,0.5573108196258545,232901.234375,69324.515625,18816.201171875,3912.1806640625,3915419.25,10543.2041946577,0.4488479197025299,1.0358268022537231,0.0569987148046493,0.0400347597897052,0.6042589545249939,1.0615408420562744,11.68456745147705,3.0660760402679443,783.1442260742188,3.2021785221208736e+19,911.6275634765624,7.031424963261235e+17,0.0321263559162616,0.0035663049202412,0.4777482748031616,NT,3.795397520065308,1.602891445159912,959.7723388671876,11.415242195129396,-0.00106205441989,-0.0010175838833674,368492.96875,9615.63671875,0.4471499025821686,1.2181222438812256
193923,3250,3500,788324.0,-2.020387887954712,33530215293764.176,4942493.0,1.735399842262268,1.3766160011291504,0.5573211908340454,265087.6875,98992.359375,13315.9052734375,4978.97314453125,4803699.0,-70.51754052134615,0.3991129100322723,1.1694437265396118,0.0537888072431087,0.0337006822228431,0.5827003717422485,1.1002105474472046,12.691184043884276,3.1137492656707764,787.222412109375,3.056810330594004e+19,979.280029296875,7.29641001433432e+17,0.0405045412480831,0.0079714488238096,0.4266105592250824,NT,4.850578308105469,1.6558619737625122,1026.1839599609375,12.523799896240234,-0.0013365186750888,-0.0013150306185707,298281.6875,-276.7317810058594,0.378712385892868,1.228262424468994
193924,2120,2760,792255.1875,-2.018263101577759,48216233959148.52,3978366.25,1.735135793685913,1.4230709075927734,0.5565510392189026,463489.875,63839.66015625,26418.71875,3919.56884765625,3921355.25,10151.80448518337,0.3035258054733276,1.968579649925232,0.1173889264464378,0.1012212708592414,1.2529798746109009,2.028700113296509,-75.48521423339844,3.327082633972168,1183.673095703125,4.987609483768653e+19,1421.881591796875,1.1736855068194898e+18,1.1010817289352417,0.0641240403056144,1.099354267120361,NT,3.798012018203736,1.7093377113342283,1449.767578125,-75.45516967773438,-0.0013142934767529,-0.0009660781361162,178453.390625,9742.787109375,0.2520862519741058,1.2631330490112305
193924,2950,3360,792629.875,-2.019864797592163,47642456490882.71,5291599.5,1.7344404458999634,1.425756573677063,0.5567426085472107,530306.125,88215.015625,21421.44140625,4988.0859375,4809874.5,550273.9462052815,0.2713609635829925,2.250126361846924,0.1011964157223701,0.0843855366110801,1.2773492336273191,2.0150506496429443,-80.77523803710938,3.358493566513061,1314.640380859375,4.865283097718109e+19,1623.84619140625,1.1703428540320973e+18,1.4230231046676636,0.0933420658111572,1.1281800270080566,NT,4.856287002563477,1.7201608419418335,1656.0682373046875,-80.71627044677734,-0.001631909632124,-0.0013025079388171,160306.734375,515365.9375,0.1962950378656387,1.2627763748168943
194018,2090,2500,792663.5,-2.0204520225524902,48665451168877.52,3919110.5,1.737744688987732,1.390746831893921,0.5538296103477478,452560.625,62525.6015625,71469.859375,3863.27001953125,3856282.75,71.34060048737216,0.1801148205995559,1.9861154556274407,0.1179915815591812,0.1017008647322654,1.2585794925689695,2.029527187347412,-82.02277374267578,3.1447129249572754,1207.832763671875,5.106056792796404e+19,1465.682373046875,1.1818764561295606e+18,1.2739109992980957,0.0949289053678512,1.2133952379226685,NT,3.7353947162628174,1.6940252780914309,1494.739990234375,-81.96231842041016,-4.837564119952731e-05,-0.0006777847302146,197432.90625,162.20751953125,0.2379914671182632,1.2131903171539309
194018,2800,3630,791334.75,-2.023769855499268,51071466527100.74,4734813.0,1.7384134531021118,1.3925596475601196,0.5531482696533203,508514.90625,77148.28125,-9654.4033203125,4961.08984375,4734056.5,35.03834616403308,0.1457999646663665,2.2364633083343506,0.1072054579854011,0.0909412875771522,1.2815765142440796,2.042090654373169,-82.47177124023438,3.164163112640381,1332.6119384765625,5.338532693522199e+19,1617.596435546875,1.4070308738527396e+18,1.5008608102798462,0.1368268877267837,1.4328590631484983,NT,4.436895847320557,1.7831764221191406,1650.5396728515625,-82.47175598144531,-0.0001474068121751,-0.0008264218922704,181009.375,526.28271484375,0.2230581492185592,1.2080121040344238
194022,1580,1990,791878.6875,-2.0168135166168213,38337880747145.88,,1.7275737524032593,1.3820524215698242,0.5585942268371582,315123.28125,,,2310.38037109375,,3013.7105137411377,0.4728748798370361,1.3752131462097168,,,,,-65.308837890625,3.188814401626587,1060.5050048828125,3.931028947206144e+19,1222.2928466796875,9.10574985632809e+17,0.2774690091609955,0.0153796030208468,0.8466594219207764,NT,2.1896183490753174,1.655150294303894,1241.3046875,-65.29554748535156,-0.0007588695152662,-0.0010549768339842,238556.40625,,0.3728741705417633,1.233798265457153
194023,2120,2490,790806.0,-2.0177717208862305,44642471973978.71,3893038.0,1.7385908365249634,1.4005470275878906,0.5536957383155823,445680.375,71303.1328125,40606.921875,3853.26611328125,3840567.5,162.1525517342429,0.1723865717649459,1.9487340450286863,0.1157586053013801,0.0972424075007438,1.2458925247192385,2.009945869445801,-85.57867431640625,3.1775660514831543,1291.36865234375,4.687648198157874e+19,1543.139404296875,1.098432457113338e+18,1.2308063507080078,0.0884127616882324,1.129210114479065,NT,3.730210542678833,1.6565542221069336,1575.8394775390625,-85.47101593017578,-0.0007059572380967,-0.0007023904472589,178840.71875,-32.09757232666016,0.2277784645557403,1.2236266136169434
194023,2620,3260,789609.1875,-2.019296407699585,47313678366197.24,4720072.5,1.7401669025421145,1.4024345874786377,0.5525270700454712,509740.1875,87602.5,5092.1005859375,4920.93994140625,4732636.0,125.5057611899789,0.1155970990657806,2.2390007972717285,0.1081618666648864,0.0895688608288765,1.2918665409088137,2.0665512084960938,-88.170166015625,3.186934232711792,1389.8822021484375,4.897641724923557e+19,1726.2108154296875,1.3388086512504013e+18,1.493285894393921,0.1333546936511993,1.366428017616272,NT,4.411496162414551,1.7556140422821045,1761.8599853515625,-88.12437438964844,-0.0008158981800079,-0.0008677631267346,167689.75,-91.541748046875,0.2010025233030319,1.215817093849182
194024,2150,2490,790770.875,-2.0171823501586914,45139572760265.09,3888369.0,1.739362716674805,1.395742654800415,0.5528903603553772,449248.78125,70614.4375,38460.43359375,3845.428466796875,3838962.25,-39.989939563853866,0.1361875385046005,1.9771219491958616,0.1167959198355674,0.0984389409422874,1.2588962316513062,2.02772068977356,-86.62403869628906,3.148824691772461,1275.6234130859375,4.575638749613077e+19,1566.9000244140625,1.1414298213901926e+18,1.1694406270980835,0.0909246131777763,1.1718471050262451,NT,3.724724531173706,1.7305500507354736,1600.59716796875,-86.5611343383789,-0.0004928042762912,-0.0007190876058302,182945.96875,-318.1365661621094,0.2329391688108444,1.2143609523773191
194026,2330,2720,790852.5,-2.0169830322265625,46960887644806.56,4867849.5,1.7395910024642944,1.3948795795440674,0.5535252094268799,464544.5,67238.578125,35973.1171875,3838.1318359375,3840831.25,992360.186934214,0.1546861827373504,2.041311025619507,0.0961916446685791,0.0822663307189941,1.2101218700408936,1.862948656082153,-71.25779724121094,3.1502599716186523,1350.784423828125,4.564057813540038e+19,1577.1204833984375,1.3073822724663542e+18,1.7474199533462524,0.0628841891884803,1.470146894454956,NT,3.721724987030029,1.808752059936524,1606.320556640625,-71.27686309814453,-0.0008754337904974,-0.0006060332525521,191626.640625,990767.875,0.2491557151079177,1.215471625328064
194027,2100,2400,791258.875,-2.0164451599121094,47680570998624.11,4885718.0,1.7390799522399902,1.3969299793243408,0.5523320436477661,451230.0,64144.3984375,47651.2890625,3851.7998046875,3831051.0,1011335.0517930418,0.1105923652648925,1.986143946647644,0.0933460146188736,0.0800773054361343,1.1719152927398682,1.806306958198548,-67.14652252197266,3.1471927165985107,1272.2943115234375,4.7267710208974e+19,1435.8001708984375,1.293890165281915e+18,1.6386371850967407,0.0696946308016777,1.3582032918930054,NT,3.735939264297485,1.7953070402145386,1466.709716796875,-67.1645278930664,-0.0010408709058538,-0.001072276616469,165560.796875,1008534.0,0.2440904676914215,1.212376356124878
194029,2740,3290,791078.0,-2.01749587059021,53236250398076.73,4729413.0,1.7389981746673584,1.412173628807068,0.5552653074264526,561000.125,,-5663.8154296875,4937.341796875,4730119.0,1667.169776750753,0.2167616933584213,2.434710741043091,0.1185173317790031,,,,-87.55672454833984,3.2672905921936035,1525.322998046875,5.517663368700861e+19,1778.596435546875,1.448276990984454e+18,2.22311806678772,0.1502334624528885,2.032040596008301,NT,4.4266676902771,1.7741754055023191,,,-0.0007822189945727,-0.0007768371724523,174517.71875,403.1612243652344,0.2079915851354599,1.2367756366729736
194030,3190,3770,789607.8125,-2.0178780555725098,65395999633197.24,4919070.5,1.738166332244873,1.4070837497711182,0.5536806583404541,538422.8125,,22286.703125,3859.035400390625,3841929.75,982526.3987186056,0.2941353917121887,2.3561816215515137,0.1099807694554328,,,,-79.11061096191406,3.2294163703918457,1367.368896484375,6.531892916384694e+19,1466.929443359375,2.0110178997575352e+18,1.080833077430725,0.079783409833908,2.2121002674102783,NT,3.74544095993042,1.876780986785889,,,-0.0008267898811027,-0.0006873384700156,239999.546875,981779.375,0.31000417470932,1.225881814956665
194031,3260,3800,789210.1875,-2.019236326217652,62506933188572.055,4996562.5,1.7380104064941406,1.3996403217315674,0.554684579372406,512419.90625,,21986.802734375,3857.78662109375,3839657.5,1021437.8221525988,0.421229749917984,2.247184991836548,0.103026159107685,,,,-78.37895965576172,3.2003915309906006,1389.822265625,6.365239059353384e+19,1483.4053955078125,1.782902909537616e+18,1.6462477445602417,0.1205715015530586,2.360283136367798,NT,3.740458250045776,1.806888103485108,,,-0.0010032078716903,-0.0004852691490668,,1021705.4375,0.3626117408275604,1.224184274673462
194031,2360,2740,790374.375,-2.017131328582764,55728478610084.36,4933067.5,1.7407159805297852,1.3864879608154297,0.5537937879562378,501667.6875,,24106.51171875,3844.463134765625,3839657.5,1016846.174374912,0.1555293351411819,2.228379726409912,0.1022396832704544,,,,-68.11506652832031,3.121598482131958,1417.513916015625,5.754603286635427e+19,1547.8358154296875,1.6833599987064504e+18,1.8252310752868648,0.0854710191488266,1.992231488227844,NT,3.727203369140625,1.8502651453018188,,,-0.0010105600813403,-0.0004792405234184,227939.921875,1016288.1875,0.3012244701385498,1.2066030502319336
194032,2400,2710,789757.5,-2.0177903175354004,56243608659928.445,4946034.0,1.740467548370361,1.387367606163025,0.5539642572402954,499925.96875,,-6738.521484375,3859.2099609375,3841529.5,1012528.7880846972,0.2089704871177673,2.2192227840423584,0.1009601727128028,,,,-68.45982360839844,3.1293258666992188,1392.8260498046875,5.88792830740094e+19,1574.85302734375,1.7354194003804815e+18,1.898878693580628,0.1085173338651657,2.2352983951568604,NT,3.73931097984314,1.8589708805084229,,,-0.0004483803350012,-0.000882503518369,248960.09375,1012618.125,0.3079898357391357,1.2084918022155762
194033,4960,5340,785722.6875,2.015247344970703,81074809096538.14,4804965.5,1.7384693622589111,1.3987634181976318,0.5531466603279114,472437.59375,30531.30078125,-16302.1875,4930.01220703125,4718488.0,161.87078686335136,0.3125380277633667,2.0877387523651123,0.0980374440550804,0.0917021185159683,1.084596872329712,1.806235671043396,-64.70073699951172,3.1815760135650635,869.50732421875,8.32602013539888e+19,811.2359008789062,1.1767586418191237e+18,0.8996492028236389,0.1296874433755874,2.089219808578491,NT,4.427464962005615,1.425840973854065,934.7640991210938,-64.39313507080078,-0.0009965368080884,-0.0010276990942656,286294.9375,-527.6030883789062,0.3964004814624786,1.2170894145965576
194033,2080,2500,791334.125,2.0108773708343506,39376582433626.8,4788336.5,1.7410968542099,1.38526451587677,0.5524641275405884,467889.5,91614.0546875,56582.125,3836.587158203125,3825216.25,947258.1196107758,0.0408334285020828,2.0798089504241943,0.0992329344153404,0.0798137858510017,1.2500046491622925,1.9387770891189573,-90.60517120361328,3.082888603210449,1532.9844970703125,3.9641119326719705e+19,1663.860595703125,8.753082188913705e+17,1.7082842588424685,0.083832673728466,0.8406583070755005,NT,3.722214460372925,1.6287838220596311,1786.653564453125,-90.44081115722656,-0.0008563510491512,-0.0008625609334558,143984.203125,946075.75,0.1848113536834716,1.2006264925003052
194034,2070,2520,790986.8125,2.00826358795166,52553668708608.71,4849311.5,1.741773247718811,1.3889485597610474,0.5500549674034119,474399.125,57272.4296875,60187.1640625,3877.443603515625,3852604.25,957131.9846540082,0.0399314761161804,2.116743803024292,0.0992995351552963,0.0873171985149383,1.227455496788025,1.8973338603973389,-81.97235870361328,3.06890082359314,1223.5650634765625,5.316611950101555e+19,1214.8912353515625,6.194087072765051e+17,1.4881360530853271,0.085617609322071,1.12517511844635,NT,3.7464230060577393,1.3427863121032717,1384.7933349609375,-81.31317901611328,-0.0009194546728394,-0.0009514616103842,171973.375,956023.0625,0.2246498018503189,1.191653847694397
194034,2540,3250,790521.5625,2.0092973709106445,52232632418830.21,5694378.0,1.7412571907043457,1.3987451791763306,0.5501101016998291,514455.375,74953.75,13861.9814453125,4921.333984375,4716529.0,996005.2173409202,0.0385940670967102,2.2811665534973145,0.0906823277473449,0.0774735808372497,1.2255306243896484,1.885808706283569,-79.85379028320312,3.121485471725464,1302.7757568359375,5.329246658118654e+19,1280.326416015625,6.370287934284759e+17,1.6131285429000854,0.0882822349667549,0.993504285812378,NT,4.413403511047363,1.351883888244629,1467.6236572265625,-79.41725158691406,-0.0009991497499868,-0.001061022747308,153585.5625,995613.0,0.1932945549488067,1.1995967626571655
194035,3140,4160,787568.9375,2.010669231414795,84301237333234.66,4839095.5,1.737265706062317,1.3988640308380127,0.5535532236099243,458737.53125,27415.146484375,-6621.0263671875,4915.59033203125,4726972.0,239.65143068960663,0.3495493531227112,2.024127960205078,0.0947250649333,0.0890631675720214,1.037367820739746,1.741053819656372,-58.20355224609375,3.172557830810547,810.609130859375,8.567096416077139e+19,770.1494140625,1.245525672433025e+18,1.0854506492614746,0.1524198949337005,2.166855812072754,NT,4.411259174346924,1.440058350563049,880.6019287109375,-58.1250228881836,-0.0007482541259378,-0.0009351328480988,295565.09375,-40.41651153564453,0.3936822116374969,1.2209409475326538
194035,4320,4765,784327.0625,2.012024641036988,88560384066550.2,4882985.5,1.7366679906845093,1.3944120407104492,0.5542362928390503,412047.65625,22182.08203125,-7940.46484375,4936.884765625,4726970.5,270.631853766099,0.4456068873405456,1.8282431364059448,0.0842617005109787,0.0797260105609893,0.9205877780914308,1.556381344795227,-46.45380783081055,3.163339614868164,734.9525146484375,8.915872059719313e+19,723.5455932617188,1.685382412906791e+18,1.0452324151992798,0.1419163197278976,3.332159280776977,NT,4.427407741546631,1.5680749416351318,795.7825927734375,-46.65597915649414,-0.0007164478884078,-0.0008993273950181,338023.4375,266.3371276855469,0.4480917155742645,1.2228447198867798
194035,4775,5340,783168.3125,2.0128302574157715,88734402170850.06,4881897.5,1.736809253692627,1.3958629369735718,0.5542169809341431,419253.125,22534.84765625,-12745.025390625,4913.26220703125,4726971.0,346.9391591204404,0.4127663969993591,1.8614503145217896,0.0856702998280525,0.0810655653476715,0.9369094967842102,1.5838682651519775,-47.78633499145508,3.17563271522522,740.63134765625,8.874692270626544e+19,736.05615234375,1.6923185445716623e+18,1.158321738243103,0.1636534333229065,3.140336751937866,NT,4.41241979598999,1.5718178749084473,810.0316162109375,-47.9331169128418,-0.0007277836557477,-0.000922699982766,340966.25,-108.61736297607422,0.4339723885059356,1.2240151166915894
194036,3360,3760,787676.9375,2.0123367309570312,85102475883830.0,4821143.5,1.7386586666107178,1.3914241790771484,0.5537734031677246,457574.375,26773.234375,50991.55859375,4906.33544921875,4697493.5,503.5503724432784,0.3491736352443695,2.0292296409606934,0.0959736853837966,0.0903587341308593,1.0405197143554688,1.7509119510650637,-59.21308135986328,3.146522045135498,797.0725708007812,8.747915941116065e+19,761.219482421875,1.188565472556089e+18,1.2234442234039309,0.162461832165718,1.9836413860321045,NT,4.402982711791992,1.4127813577651978,871.7902221679688,-59.11780548095703,-0.0008902411209419,-0.0007584719569422,306695.65625,209.63836669921875,0.428436130285263,1.2139742374420166
194036,4060,4380,785643.375,2.012358427047729,86737293935552.67,5728564.0,1.739045262336731,1.4019556045532229,0.5532183051109314,489051.25,33057.58984375,33100.484375,5741.65625,5668232.0,528.113813994732,0.2624004483222961,2.164285659790039,0.0859600380063057,0.0801499858498573,1.0313405990600586,1.7062795162200928,-53.40096282958984,3.194924831390381,838.9757690429688,8.742075335349318e+19,764.913818359375,1.5091372960440648e+18,1.5841041803359983,0.178568422794342,2.117830991744995,NT,4.936304569244385,1.5236797332763672,876.0015258789062,-53.47393035888672,-0.0009204231319017,-0.0007950854487717,264180.09375,484.31341552734375,0.343474417924881,1.2204673290252686
194036,4580,5000,785498.6875,2.014057159423828,87109691976784.64,6519811.5,1.738221287727356,1.406931757926941,0.5540978908538818,522121.09375,39723.765625,23282.396484375,6724.60302734375,6505920.5,455.5254669069123,0.3219634890556335,2.2969717979431152,0.0804016292095184,0.0742836967110633,1.0425606966018677,1.7020233869552612,-56.22285079956055,3.240619659423828,893.810302734375,8.663454096698219e+19,816.2247314453125,1.697051254934471e+18,1.4264497756958008,0.2098350524902343,2.3480165004730225,NT,5.917201519012451,1.5890775918960571,928.1390380859376,-56.3245735168457,-0.0012685609981417,-0.0011568975169211,242863.390625,992.6068725585938,0.3286068737506866,1.2287371158599854
194080,2060,2500,987695.0,2.009486675262451,53124087525598.0,5728298.0,1.7389296293258667,1.426234483718872,0.5500129461288452,548969.375,60142.98828125,115161.0859375,3821.7841796875,3804609.5,1727487.5179773606,0.0599993206560611,1.8935093879699707,0.0982678011059761,0.0875053331255912,1.080021858215332,1.6602686643600464,-81.87103271484375,2.575338840484619,1465.878173828125,5.595079542607918e+19,1358.2110595703125,6.063071328783565e+17,1.4536842107772827,0.1613301336765289,1.0505915880203247,NT,3.7125089168548575,1.3248101472854614,1523.89794921875,-81.46600341796875,-0.0009021187433972,-0.0007762267487123,229276.015625,1730496.125,0.2692484259605407,1.2394028902053833
194080,2560,3000,985944.0,2.010251522064209,53524464732837.24,6531808.5,1.740666389465332,1.4250704050064087,0.5491737127304077,606281.9375,79131.7890625,28440.95703125,4895.55810546875,4704767.5,1698569.2437968696,-0.1015633717179298,2.106156826019287,0.0932743549346923,0.0810975953936576,1.114071011543274,1.7029365301132202,-83.66671752929688,2.569769382476806,1578.2940673828125,5.6643193082461815e+19,1508.7154541015625,7.509111913117123e+17,1.8581277132034304,0.226950317621231,0.7717688679695129,NT,4.398860454559326,1.3977906703948977,1692.133544921875,-83.4683609008789,-0.0009833892108872,-0.0009279705118387,246897.890625,1699259.25,0.2237687557935714,1.2307215929031372
194080,4220,4490,985652.0625,2.0114612579345703,90513442417565.16,6687989.0,1.7361087799072266,1.433411717414856,0.5527955293655396,538460.5,26927.341796875,-51056.49609375,4965.2763671875,4713431.0,1654083.3909461212,0.551099419593811,1.8356353044509888,0.079945407807827,0.0759480372071266,0.8532100319862366,1.405720353126526,-62.76710891723633,2.6359100341796875,912.22314453125,9.282768534596538e+19,843.8142700195312,1.606105013204025e+18,0.734472930431366,0.1851475685834884,3.533811092376709,NT,4.449606895446777,1.5265690088272097,947.1392822265624,-62.717281341552734,-0.0009905056795105,-0.0009340941905975,,1653331.875,0.530532956123352,1.2625455856323242
194082,2080,2500,986217.9375,1.9991241693496704,58373465278394.46,5055348.0,1.7388588190078735,1.4252079725265503,0.5500319600105286,542058.6875,,89577.9296875,3829.734375,3806286.5,1025497.6047539164,0.1166946813464164,1.8815861940383911,0.1094712316989898,,,,-86.1072998046875,2.5597145557403564,1343.0850830078125,6.210989452701991e+19,1269.62548828125,6.00641555618857e+17,1.3036527633666992,0.1477699875831604,1.008291482925415,NT,3.7279560565948486,1.292008638381958,1442.8349609375,-85.5731430053711,-0.0005013161571696,-0.000925404659938,287960.1875,1022323.0625,0.3120060563087463,1.238333821296692
194082,2580,3050,984482.0,1.9997072219848635,59431278953452.95,5897814.0,1.740221381187439,1.426042556762695,0.5491469502449036,598253.5,,29741.373046875,4928.2373046875,4702204.0,1035517.0722171656,-0.0402011089026927,2.0877790451049805,0.1019803658127784,,,,-87.46142578125,2.5602567195892334,1432.671875,6.379153598905215e+19,1387.6875,6.618892323688284e+17,1.7589110136032104,0.2264376729726791,0.801228940486908,NT,4.4294610023498535,1.316433072090149,1594.970703125,-86.9636001586914,-0.000650314555969,-0.0011049822205677,267316.15625,1036233.1875,0.2617513239383697,1.2318023443222046
194082,4050,4350,983455.9375,2.000030755996704,92446380786921.52,6071897.5,1.7375446557998655,1.4255683422088623,0.551883339881897,537598.875,,-34052.80078125,4918.177734375,4705783.0,978306.5297639972,0.5526009202003479,1.861711263656616,0.0880817025899887,,,,-71.5112533569336,2.584242343902588,934.1178588867188,9.494250360301578e+19,970.2400512695312,1.3776899937486766e+18,0.8660246729850769,0.1888386458158493,2.585144281387329,NT,4.426904678344727,1.4421900510787964,1088.538818359375,-70.6763916015625,-0.000647775887046,-0.0011113431537523,,978710.75,0.604812502861023,1.249414086341858
194091,2880,3340,592243.3125,2.0019147396087646,45410389631073.27,4317483.0,1.739782691001892,1.356387734413147,0.5537856221199036,364031.75,70925.7734375,-1609.8736572265625,4590.26708984375,4477020.0,-9.312024240791247,0.2150563448667526,2.238903045654297,0.0843124315142631,0.0678841099143028,1.2697833776474,2.012812852859497,-75.39962768554688,4.067447185516357,949.90625,4.567209013865244e+19,1101.1851806640625,5.726821431556178e+17,0.5587037205696106,0.0427467487752437,0.8304245471954346,NT,4.202014446258545,1.3746886253356934,1207.134033203125,-75.1246109008789,-0.0010349918156862,-0.0009107799269258,,-768.8552856445312,0.1941005736589431,1.1632136106491089
194091,2080,2520,592541.0625,2.002602815628052,45360190311745.62,3688578.0,1.7392685413360596,1.365748643875122,0.5541965961456299,337234.375,55790.26171875,48317.01171875,3844.8056640625,3795157.5,4.453998648027252,0.1965534538030624,2.049746036529541,0.0927806869149208,0.0774273127317428,1.2733681201934814,2.023766040802002,-73.82441711425781,4.105494499206543,865.7138671875,4.655030526012922e+19,1008.490966796875,5.6255120865755136e+17,0.3598067462444305,0.0386460050940513,0.5971026420593262,NT,3.7339134216308594,1.3623952865600586,1136.739990234375,-73.2891845703125,-0.000928938970901,-0.0007984652766026,127193.5625,190.0504913330078,0.1998436897993087,1.1783710718154907
194091,1580,2000,592267.0625,2.001168966293335,43921365727636.04,2268880.25,1.728398084640503,1.3436479568481443,0.5587633848190308,240782.609375,25976.029296875,45029.26953125,2246.784423828125,2228217.5,-18.570494945241418,0.4880655407905578,1.464063286781311,0.109342448413372,0.0975492522120475,1.1631017923355105,1.8843985795974727,-56.72712326049805,4.071527481079102,693.91943359375,4.49355272992053e+19,768.0535278320312,5.171766315219681e+17,0.122556947171688,0.0128838252276182,0.9213472604751588,NT,2.160084247589112,1.3472386598587036,861.5116577148438,-56.38978958129883,-0.000978456926532,-0.0008387256530113,176040.15625,-440.8819274902344,0.3358182907104492,1.1855287551879885
194092,2080,2520,592799.3125,2.003605365753174,46594936547554.82,3689645.25,1.738909125328064,1.369074821472168,0.5547051429748535,336875.25,52956.76171875,51878.31640625,3850.809814453125,3792861.25,-43.09072618080315,0.2273255437612533,2.038075685501098,0.0926935970783233,0.0781163275241851,1.2672874927520752,2.0130057334899902,-73.0537338256836,4.130447864532471,856.853759765625,4.798282377558648e+19,976.8311767578124,5.872378904009769e+17,0.3306913375854492,0.0302022695541381,0.6817009449005127,NT,3.7351250648498535,1.3687596321105957,1094.5467529296875,-72.52679443359375,-0.0010246949968859,-0.0005931991618126,113120.8828125,-321.3837585449219,0.2074703127145767,1.1839519739151
194092,2600,3360,592391.5,2.0031168460845947,46807692163898.8,4312211.0,1.7402416467666626,1.3569953441619873,0.5544885396957397,363948.0,66879.46875,2671.978271484375,4596.75390625,4466066.0,-69.99792989371097,0.2240669876337051,2.23309588432312,0.0845138058066368,0.0689849629998207,1.2700437307357788,2.006807804107666,-75.24571228027344,4.082637310028076,917.9945068359376,4.721378576070135e+19,1075.6180419921875,6.000526984227062e+17,0.5475481748580933,0.0484609156847,0.8393872976303101,NT,4.200334548950195,1.3802552223205566,1173.6676025390625,-74.95346069335938,-0.0010982495732605,-0.0006689513102173,,-65.54218292236328,0.2060690224170684,1.166909098625183
194093,2680,3400,592080.3125,2.0013678073883057,47669590673219.51,3724849.75,1.7396687269210815,1.354356288909912,0.5551988482475281,347597.21875,,15701.736328125,3832.86181640625,3825622.5,-115.42804060928624,0.2609784305095672,2.1323001384735107,0.0938037559390068,,,,-77.41726684570312,4.0611982345581055,882.8560791015625,4.8695571193176e+19,913.3890380859376,6.092587718431212e+17,0.5515690445899963,0.0315167196094989,0.987863302230835,NT,3.7255117893218994,1.3684849739074707,1074.063720703125,-75.86234283447266,-0.0008916444494388,-0.000966228719335,129152.6640625,34.34372329711914,0.226267859339714,1.170682668685913
194093,4680,5210,588414.1875,2.003009557723999,76989824835962.94,3875126.5,1.7357707023620603,1.361378192901611,0.5576700568199158,243961.46875,,-13577.2578125,3845.76123046875,3825622.75,-139.97453906659572,0.5774648785591125,1.480322003364563,0.0627426579594612,,,,-33.35184097290039,4.036645889282227,477.2706604003906,8.009480413464494e+19,528.6629028320312,1.486358301334569e+18,0.4188576638698578,0.0332235507667064,1.0887455940246582,NT,3.7369070053100586,1.5558327436447144,575.4244995117188,-33.47053527832031,-0.0008521977579221,-0.000939660007134,287078.1875,-321.4344177246094,0.5081113576889038,1.2047947645187378
194094,2840,3500,592470.875,2.003267526626587,53411117758570.61,3721055.5,1.740004062652588,1.354383111000061,0.5560261011123657,376944.75,,19796.818359375,3841.6328125,3817190.75,-105.8757140891641,0.293534517288208,2.3124477863311768,0.1018912270665168,,,,-76.21866607666016,4.082054615020752,916.0498657226562,5.5588299636540965e+19,864.5985717773438,8.027568754130944e+17,0.845613420009613,0.0488439723849296,0.8778101801872253,NT,3.735538959503174,1.427487850189209,,,-0.0007745697512291,-0.0008587067713961,,118.7223892211914,0.2421878576278686,1.172146201133728
194123,3920,4280,983365.375,2.0131852626800537,96453158576301.84,8450798.0,1.7373158931732178,1.4295732975006104,0.5509095191955566,604900.4375,47227.8125,-67237.71875,8374.185546875,8218836.0,-9.55777113657166,0.3777530193328857,2.084881544113159,0.0712648928165435,0.065700426697731,0.8495170474052429,1.401736855506897,-60.82956314086914,2.612588882446289,966.9406127929688,9.714041855084698e+19,818.3383178710938,1.3988837675688264e+18,1.6044480800628662,0.3080219328403473,2.890561580657959,NT,6.610260486602783,1.4420439004898071,940.341552734375,-60.55083465576172,-0.0008143295999616,-0.0006677437922917,,-74.5745849609375,0.5273605585098267,1.2462313175201416
194124,3570,3810,982475.4375,2.0095813274383545,95642058964757.4,8236911.5,1.737984538078308,1.4381729364395142,0.5484825968742371,653801.1875,50245.07421875,-70348.640625,8206.2890625,8053188.5,-37.610913017247526,0.1574302911758422,2.256856203079224,0.0788629800081253,0.0728025138378143,0.9282942414283752,1.533067226409912,-61.25291442871094,2.6175761222839355,1020.371337890625,9.905326971601448e+19,840.5325927734375,1.3570287958732308e+18,1.2655495405197144,0.2605015635490417,1.8260921239852903,NT,6.53222131729126,1.430799961090088,979.1566772460938,-60.96667098999024,-0.0014516210649162,-0.0007210789481177,,-390.3369140625,0.4024049043655395,1.240569233894348
194128,2100,2480,593892.625,2.0087695121765137,39752148318370.29,3898967.5,1.7389593124389648,1.3676612377166748,0.5544446706771851,351191.6875,79113.453125,18723.75390625,4034.9296875,4030419.5,75.90814563052119,0.2103269547224044,2.119189739227295,0.0905976518988609,0.0701822191476821,1.271026611328125,2.062454462051392,-78.6751480102539,4.124252796173096,973.9165649414062,4.004418709532285e+19,1117.6539306640625,4.594015904496353e+17,0.3859216868877411,0.0289428289979696,0.4837673604488373,NT,3.889471530914306,1.3357081413269043,1268.3385009765625,-77.97894287109375,-0.0006728387088514,-0.000571300915908,96566.453125,670.8563232421875,0.1561671793460846,1.181161403656006
194128,2590,2880,592542.8125,2.0077927112579346,41679207068186.8,4720896.0,1.7421653270721436,1.3528330326080322,0.553282618522644,383313.40625,96111.046875,5436.3291015625,5063.9169921875,4914770.0,-123.62252549380398,0.143770232796669,2.364417791366577,0.0813167840242385,0.0609260015189647,1.2569407224655151,2.0448145866394043,-79.1554183959961,4.0522565841674805,1019.9507446289062,4.17203266011697e+19,1187.5758056640625,4.653777797439816e+17,0.6625517010688782,0.0515231527388095,0.8085126280784607,NT,4.550533771514893,1.3247050046920776,1372.5068359375,-78.23833465576172,-0.0008783655939623,-0.0007574627525173,100446.0390625,-385.0225524902344,0.1755080819129943,1.1553665399551392
194129,2560,3000,590562.3125,2.0082619190216064,55234573474251.61,4764457.0,1.7405582666397097,1.360528826713562,0.5534818768501282,368708.1875,55485.4765625,88842.75,5156.349609375,4937536.5,-34.916456092135896,0.2188745737075805,2.266388177871704,0.0789806842803955,0.0670925602316856,1.2220782041549685,1.922373414039612,-66.77149200439453,4.108036518096924,835.1000366210938,5.5694987448807326e+19,919.8851318359376,8.316410458747699e+17,0.5927581787109375,0.0409161299467086,0.9311021566390992,NT,4.6110429763793945,1.441023826599121,1047.819091796875,-66.51825714111328,-0.0011542276479303,-0.0007410446414723,120253.7265625,788.564697265625,0.223430648446083,1.165587306022644
194129,2100,2510,591422.5,2.008516311645508,55913798171899.96,3934921.25,1.7381428480148315,1.3734242916107178,0.5544335246086121,336353.78125,40084.03125,13931.0595703125,4101.38427734375,4033643.5,-4.628378630608389,0.278607964515686,2.029868602752685,0.0858611762523651,0.0756273120641708,1.199599027633667,1.902281284332276,-64.53163146972656,4.165656089782715,758.076171875,5.691574882084795e+19,832.3904418945312,8.113813759018926e+17,0.4700017273426056,0.0336957089602947,0.6949111819267273,NT,3.9360082149505615,1.4231940507888794,945.1643676757812,-64.16629028320312,-0.0010395441204309,-0.0005870709428563,158109.078125,-556.1217651367188,0.2359386682510376,1.1878105401992798
194130,1900,2310,590663.375,2.0105106830596924,56726408539565.34,3201343.25,1.7374815940856934,1.3587653636932373,0.5551820397377014,287863.375,26533.109375,15856.841796875,3246.40283203125,3192444.0,-100.36845920336216,0.5174438953399658,1.744510293006897,0.0907731652259826,0.0824362635612487,1.1309080123901367,1.816842794418335,-53.50968551635742,4.0722246170043945,675.3484497070312,5.74629097872944e+19,706.788818359375,8.359263237245501e+17,0.2368429452180862,0.0279904846101999,0.9060333371162416,NT,2.800800323486328,1.4298863410949707,804.2222290039062,-53.31336975097656,-0.0003824179293587,-0.0002009458548855,223520.984375,-33.50768280029297,0.3787049055099487,1.180857539176941
194130,2630,3150,588742.875,2.011213779449463,56940698892862.16,3200992.5,1.7374298572540283,1.3600387573242188,0.5543668866157532,290923.09375,26824.173828125,-6382.1318359375,3188.306640625,3212693.5,-72.16206090347822,0.3573274314403534,1.773348689079285,0.0911674126982688,0.082784779369831,1.1420925855636597,1.8333207368850708,-53.9908561706543,4.085820198059082,682.3548583984375,5.70559409514359e+19,717.9476318359375,8.52419822774911e+17,0.2447624504566192,0.0293139573186635,0.8015419840812683,NT,2.7446043491363525,1.4342238903045654,819.4285888671875,-53.7650146484375,-0.0003785629523918,-0.0002363834501011,184844.109375,161.79110717773438,0.321248322725296,1.177711009979248
194131,1710,2200,589436.25,2.0096776485443115,55449334628644.03,3194798.75,1.7351739406585691,1.3584173917770386,0.5554799437522888,288966.34375,27941.693359375,8050.33740234375,3202.453857421875,3210078.5,351.9491061065747,0.3510828018188476,1.7605812549591064,0.0911178365349769,0.0823296457529068,1.1430140733718872,1.8322242498397827,-53.44394302368164,4.110026836395264,690.2947998046875,5.530943709945791e+19,731.1473999023438,8.168983129332122e+17,0.2138443887233734,0.0251854825764894,0.7070552110671997,NT,2.746680736541748,1.4290133714675903,825.3736572265625,-53.48311614990234,-7.12089313310571e-05,-0.000235794839682,183617.890625,601.834716796875,0.3213266134262085,1.180438995361328
194131,2720,3200,588476.5625,2.010700464248657,55397707319690.6,4224207.5,1.7374104261398315,1.3650283813476562,0.5540787577629089,301415.3125,29322.216796875,-8791.1298828125,3195.478759765625,3210060.5,1048724.9824337503,0.3110070824623108,1.835765361785889,0.0714133009314537,0.0644871070981025,1.0911288261413574,1.6556870937347412,-49.690185546875,4.119859218597412,738.4273071289062,5.492678066471279e+19,759.394775390625,8.665247702528819e+17,0.2459881007671356,0.0255649648606777,0.7431181073188782,NT,2.7458949089050293,1.4612234830856323,856.1473388671875,-49.89082717895508,-7.324309535761131e-06,-0.0001752528769429,167055.484375,1047841.5,0.2910063862800598,1.1793246269226074
194132,2590,2950,592411.1875,2.0094234943389893,49966868609788.2,4715353.0,1.7408751249313354,1.3567609786987305,0.5532165169715881,373716.4375,67255.96875,8547.9140625,5114.59765625,4892938.5,98.3696646698977,0.1887174695730209,2.2978835105896,0.0794287919998169,0.0651325955986976,1.2423712015151978,1.957756876945496,-70.87252807617188,4.077188491821289,893.1704711914062,5.0890477877193605e+19,1014.4528198242188,7.171305519741665e+17,0.6065996885299683,0.0480031855404377,0.9862823486328124,NT,4.5870466232299805,1.3933477401733398,1159.922119140625,-70.3636703491211,-0.000728640356101,-0.0006178423645906,114106.5703125,-1030.385986328125,0.2072801142930984,1.1597479581832886
194132,2100,2480,593138.6875,2.009228467941284,49618967932897.7,3910774.0,1.7388023138046265,1.368330478668213,0.5541690587997437,342452.9375,51258.66796875,-1369.9937744140625,4050.451904296875,4022055.5,65.33050388631781,0.2479227632284164,2.07094144821167,0.0875841975212097,0.0744717791676521,1.23883056640625,1.9595237970352173,-69.90091705322266,4.133469581604004,828.7846069335938,5.06819796862417e+19,943.4154663085938,6.852871146858086e+17,0.3563367426395416,0.0353254340589046,0.6998423933982849,NT,3.906704187393189,1.3787009716033936,1065.98974609375,-69.3572998046875,-0.0006317718653008,-0.0004779554728884,135983.5,-585.3302001953125,0.2107383906841278,1.1806199550628662
194132,1580,2000,592396.6875,2.0082151889801025,47775506600957.18,2436032.5,1.7290793657302856,1.3401702642440796,0.5586705803871155,245935.25,24330.48046875,36646.5390625,2383.20263671875,2397467.0,-16.648801789512493,0.4838007092475891,1.498132348060608,0.1030604615807533,0.0928640663623809,1.1322765350341797,1.833572268486023,-54.10183334350586,4.070660591125488,668.351806640625,4.836585404428504e+19,729.0859985351562,6.014740920795136e+17,0.1094599589705467,0.0103032998740673,0.9799786806106568,NT,2.2735815048217773,1.351474642753601,817.8394775390625,-53.93747329711914,-0.0005959833506494,-0.0004433216236066,187857.609375,-330.5074768066406,0.3484863936901092,1.181160807609558
194133,2570,2980,591466.5,2.00873064994812,53280043568157.125,4730597.5,1.741288661956787,1.3554232120513916,0.5533795356750488,368458.875,59173.79296875,22925.97265625,5090.322265625,4896985.0,6.987979444697519,0.2135928720235824,2.2668442726135254,0.0783276185393333,0.0657486841082573,1.2238473892211914,1.921226501464844,-67.8634033203125,4.068012237548828,855.8392944335938,5.329342095727945e+19,945.9976196289062,7.453999579969618e+17,0.5741762518882751,0.0415374711155891,1.0997353792190552,NT,4.5730180740356445,1.411945343017578,1088.9097900390625,-67.41434478759766,-0.0009995035361498,-0.0006583853974007,130127.2265625,-1005.664794921875,0.2290879935026168,1.1598505973815918
194133,2160,2480,593078.0625,2.008584976196289,52767499305006.24,3914092.25,1.7382643222808838,1.373585820198059,0.5541243553161621,341331.625,45299.1953125,9118.6708984375,4051.337158203125,4020321.5,0.5202321387924006,0.2868746519088745,2.051222562789917,0.0874701887369155,0.0758515372872352,1.2261245250701904,1.941717505455017,-66.55718231201172,4.149483680725098,798.4060668945312,5.2959868711830815e+19,879.7758178710938,7.035999618827551e+17,0.3611778318881988,0.0251820292323827,0.6565471887588501,NT,3.90733003616333,1.3905885219573977,1001.9666137695312,-66.14856719970703,-0.0008758242474868,-0.0004954286268912,147780.875,157.22215270996094,0.2187601625919342,1.1861644983291626
194133,5430,5600,586495.0625,2.0122618675231934,114987323251472.12,11331964.0,1.737252116203308,1.3650875091552734,0.5576069951057434,335886.40625,26224.705078125,-18063.48828125,11755.8076171875,11800376.0,-82.21818733215332,0.5801875591278076,2.0440874099731445,0.0295968987047672,0.0272858813405036,0.6789934635162354,1.0482230186462402,-21.20669174194336,4.14436149597168,468.26312255859375,1.0617121772316656e+20,510.9885559082031,2.98951219253923e+18,0.8798316717147827,0.1716857850551605,0.4322585165500641,NT,9.544273376464844,1.7760024070739746,554.39697265625,-21.61434555053711,-0.0013838509330525,-0.0010812256950885,,-82.21819305419922,0.4902481436729431,1.1981056928634644
194134,2100,2540,984609.25,2.011047601699829,77118920702363.84,3555487.75,1.7386372089385986,1.4262996912002563,0.5499443411827087,501773.03125,23746.564453125,24650.5546875,3266.357666015625,3204984.25,34.74079143956309,0.2505012154579162,1.7321006059646606,0.1427579671144485,0.1360154300928115,1.0477855205535889,1.847841620445252,-65.94929504394531,2.581045389175415,1001.16259765625,8.010800707027128e+19,913.322265625,8.788322223778693e+17,0.9290916323661804,0.1276628822088241,1.1210317611694336,NT,2.804478645324707,1.3274506330490112,1052.83349609375,-65.56182098388672,-7.469115371350199e-05,-7.480366912204772e-05,439263.96875,225.7203063964844,0.4502997100353241,1.2406543493270874
194134,3040,3600,982331.5,2.012505292892456,79839657748266.66,3543569.5,1.7388559579849243,1.426533579826355,0.5493263006210327,524689.75,23320.31640625,-19568.1484375,3204.9501953125,3210511.5,-48.85800565411902,0.207574263215065,1.819088339805603,0.1482570916414261,0.1416917741298675,1.0846766233444214,1.921397089958191,-70.02008056640625,2.582326412200928,1014.1319580078124,8.146618540555135e+19,941.7391967773438,9.13068403126698e+17,0.8478875756263733,0.1632498204708099,1.2349884510040283,NT,2.760200500488281,1.3317142724990845,1083.665283203125,-69.51472473144531,-4.58336144220084e-05,-4.200967669021338e-05,391894.78125,250.3726043701172,0.4199098348617553,1.2369611263275146
194135,2100,2510,591225.6875,2.01097059249878,47774543489690.87,2662275.0,1.7373615503311155,1.3734663724899292,0.5550892949104309,274707.65625,29133.67578125,-1739.215576171875,2694.24951171875,2656016.5,21633.59255093334,0.3172683119773865,1.646268367767334,0.1039819866418838,0.0930131003260612,1.192391037940979,1.9189282655715945,,4.154570579528809,716.5888671875,4.862852297411422e+19,,,0.1477741450071334,0.0225956514477729,0.6273176074028015,NT,2.2844831943511963,,,,-0.0003298148803878,-0.0002440471580484,,809.72119140625,0.270510196685791,1.1968812942504885
194135,2800,3610,590826.5,2.010767936706543,47483821153969.55,5018535.5,1.7381900548934937,1.3666938543319702,0.5538161396980286,330322.28125,53211.0859375,-8061.6875,4053.0517578125,4057992.5,1084294.469827674,0.2434542030096054,2.008000135421753,0.0659020766615867,0.0553108304738998,1.1182982921600342,1.6836037635803225,,4.13303804397583,884.5963134765625,4.615013140613038e+19,,,0.3318241536617279,0.0363495387136936,0.590080738067627,NT,3.1723339557647705,,,,-0.0002785247052088,-0.0002302623324794,,1085042.5,0.2180739343166351,1.1764256954193115
194135,4470,4930,589186.4375,2.0124332904815674,48731031126310.69,5652859.0,1.7374671697616575,1.3759520053863523,0.5524543523788452,331684.1875,50914.359375,10685.818359375,4092.7333984375,4069894.0,1719250.6482251408,0.2235587984323501,2.013921022415161,0.0589841902256011,0.0499506965279579,1.0807029008865356,1.5915206670761108,,4.1762213706970215,882.01123046875,4.659844187919326e+19,,,0.3113811314105987,0.0379754416644573,0.5080941915512085,NT,3.1970579624176025,,,,-0.0003523149061948,-0.0002748993574641,,1711492.125,0.2178639471530914,1.1791244745254517
194140,2140,2500,789900.375,2.0106465816497803,51856147807314.95,3963297.25,1.7416648864746094,1.395479440689087,0.5503712892532349,475208.75,59680.0859375,55154.17578125,3945.05419921875,3912172.25,-114.34975646519194,0.0986281484365463,2.108872175216675,0.1217787489295005,0.1064924299716949,1.3046293258666992,2.10433316230774,-94.17961120605467,3.111029863357544,1189.3829345703125,5.289823008997769e+19,1254.8109130859375,5.167944137923625e+17,0.906269669532776,0.0895899012684822,0.9033193588256836,NT,3.80346417427063,1.2832704782485962,1440.310791015625,-92.96324920654295,-0.000855287653394,-0.0003733539197128,186701.859375,1054.840087890625,0.2288892865180969,1.2003262042999268
194140,2540,3020,788463.6875,2.0113513469696045,52173834908405.84,4922611.0,1.7446372509002686,1.3892416954040527,0.548814058303833,518739.25,79756.6796875,123851.2421875,5236.140625,4951534.5,-69.56340297352907,-0.0623967088758945,2.333742141723633,0.1083665117621421,0.0917226001620292,1.298621416091919,2.077693223953247,-95.1307601928711,3.0775909423828125,1238.5955810546875,5.353541467045993e+19,1350.3018798828125,5.048232060670444e+17,1.295180320739746,0.1305197030305862,1.1268221139907837,NT,4.661820888519287,1.2747819423675537,1579.839111328125,-94.0440673828125,-0.0010725626489147,-0.0006067786016501,136254.859375,97.23860168457033,0.2017050236463546,1.183387279510498
194140,4510,4940,779754.875,2.014854669570923,88274293396403.2,7941189.0,1.7410616874694824,1.4029484987258911,0.5505327582359314,544262.9375,50859.49609375,-14706.7998046875,8178.97607421875,8023202.0,-8.02830564447675,0.1149661988019943,2.445585489273072,0.0686534196138382,0.062253788113594,1.0121291875839231,1.618211269378662,-58.21823501586914,3.206456661224365,894.55078125,8.867773263855275e+19,831.0403442382812,1.6027631850503537e+18,1.369840145111084,0.1919996738433838,2.379943370819092,NT,6.522171497344971,1.5487998723983765,937.9024658203124,-57.87898635864258,-0.0010658347746357,-0.0005843380931764,,-961.877685546875,0.2663652598857879,1.2047334909439087
194142,2940,3460,789700.3125,-2.019505739212036,76130531852603.5,5670308.0,1.7411969900131226,1.4370306730270386,0.5467914938926697,429035.65625,36771.7578125,-14798.337890625,5943.12548828125,5560745.5,2318.5185736872672,0.3664567172527313,1.844186902046204,0.0754958912730217,0.0690250992774963,0.9160125851631165,1.4967010021209717,-44.369625091552734,3.23492431640625,900.1065063476562,7.631243135853737e+19,919.0321044921876,2.1073455637111767e+18,0.526378333568573,3.2086238861083984,1.1457397937774658,NT,4.5893144607543945,1.8186049461364744,954.1077880859376,-44.86788558959961,-0.0006351696792989,-0.0007664003642275,327864.59375,2363.31298828125,0.4216450154781341,1.22942054271698
194142,1900,2500,789628.4375,-2.017657518386841,73957854058373.77,3993662.25,1.742481708526611,1.4248589277267456,0.5463270545005798,390783.15625,22275.384765625,11804.759765625,3885.170166015625,3482146.75,318230.6295143034,0.3670638501644134,1.6973296403884888,0.0990736857056617,0.0934131816029548,0.9796158671379088,1.6456305980682373,-42.76255035400391,3.169041156768799,878.5595092773438,7.393285949761153e+19,909.965576171875,2.43363099937289e+18,0.5480383038520813,2.330691337585449,0.908876657485962,NT,3.2887444496154785,1.9738481044769287,928.8753662109376,-42.83878326416016,-0.0004150883760303,-0.0004668865876737,308019.46875,291452.40625,0.4508293271064758,1.2166099548339844
194142,3800,4160,788332.8125,-2.0214202404022217,77093103643408.64,5638629.0,1.7387237548828125,1.4660152196884155,0.548194408416748,430851.84375,34680.83984375,-31974.37890625,5950.255859375,5561057.0,3137.217845695844,0.2870098650455475,1.8080494403839111,0.0759883597493171,0.0698707997798919,0.9034940600395204,1.4894870519638062,-45.592041015625,3.380615234375,877.3275756835938,7.907642766890579e+19,897.8243408203125,1.650219893611561e+18,0.5030975937843323,2.839572668075561,1.6755625009536743,NT,4.594393253326416,1.634237289428711,928.7809448242188,-45.65990829467773,-0.0005835370975546,-0.0007617648225277,299727.34375,2125.494384765625,0.3468112349510193,1.2659978866577148
194143,1940,2500,789846.3125,-2.015577554702759,65495485397122.27,3703370.0,1.743319749832153,1.4140905141830444,0.5461949110031128,393677.8125,28628.423828125,37346.25,3881.39013671875,3491497.75,18542.521918273746,0.2821929156780243,1.7275878190994265,0.1077725142240524,0.0999362543225288,1.0496524572372437,1.7490111589431765,-48.06350326538086,3.113955020904541,966.1672973632812,6.532410566459051e+19,1013.1578979492188,2.1365492797396744e+18,0.2360546439886093,0.1323707848787307,1.4911015033721924,NT,3.283025026321411,1.964129090309143,1034.3525390625,-48.09613037109375,-0.000519206165336,-0.0004209251492284,303050.0625,18505.63671875,0.4222235977649688,1.2049570083618164
194144,1885,2380,788702.3125,-2.0169484615325928,56941923976870.5,3876804.25,1.7439892292022705,1.4045062065124512,0.5461492538452148,365181.40625,,-5417.8779296875,3858.752197265625,3465642.5,209553.8411564762,0.2660424411296844,1.6145726442337036,0.0946874618530273,,,,-48.201446533203125,3.074434757232666,998.7459716796876,5.803579932583081e+19,1076.0859375,1.78102714270063e+18,0.5649048089981079,1.519941329956055,3.099271774291992,NT,3.261235237121582,1.920654892921448,1099.033935546875,-48.24794769287109,-0.0003259385994169,-0.0005976277752779,292839.0,212975.5625,0.4434611201286316,1.1956573724746704
194146,2880,3220,789279.1875,-2.018213987350464,59165772705505.81,4170049.0,1.7435805797576904,1.4102720022201538,0.5477829575538635,372292.53125,,14731.80078125,3586.765625,3298601.75,689751.1224895453,0.269937515258789,1.634998083114624,0.0899558812379837,,,,-45.2851791381836,3.1200642585754395,957.202880859375,6.211950425864667e+19,1039.8228759765625,1.6449095273273098e+18,0.5673546195030212,2.250403881072998,2.0357632637023926,NT,3.246248722076416,1.815199613571167,1067.462890625,-45.34099960327149,-0.0007029163534753,-0.0002793010789901,,655164.25,0.4415071606636047,1.208457589149475
194146,2170,2500,789429.75,-2.0167932510375977,56040348245396.23,4384169.5,1.7439374923706057,1.4105653762817385,0.5463365316390991,390237.21875,,23986.078125,4024.18603515625,3686008.75,561124.774958572,0.2423331290483474,1.719771385192871,0.0899489521980285,,,,-58.10066604614258,3.103642225265503,1032.168701171875,5.892937242572436e+19,1129.7242431640625,1.4066842528120832e+18,0.5117052793502808,2.0584099292755127,2.6705780029296875,NT,3.8837480545043945,1.731474995613098,1158.7939453125,-58.120384216308594,-0.0008431937894783,-0.000444845034508,278341.25,545565.8125,0.3860018253326416,1.2009122371673584
194151,5060,5500,790357.5,-2.024002313613892,55906678064186.33,5606543.5,1.7443071603775024,1.4169590473175049,0.5457619428634644,487891.65625,74964.1796875,-40843.06640625,5960.43994140625,5597972.5,-42.73102331161499,0.0884792730212211,2.1391990184783936,0.0864583328366279,0.0731725692749023,inf,inf,-55.81827163696289,3.1380386352539062,1222.29345703125,5.471915328697008e+19,1443.5545654296875,1.1805762836297157e+18,1.222157597541809,0.1157329306006431,1.8173184394836424,NT,4.582135677337647,1.623538613319397,1481.656982421875,-55.94085311889648,-0.0007708959747105,-0.0013240469852462,234960.59375,-42.73102188110352,0.2883697152137756,1.2000542879104614
194151,2600,3120,791037.4375,-2.0182085037231445,48053610855469.32,5717744.5,1.7478104829788208,1.4117039442062378,0.5462917685508728,543803.625,110259.5625,45858.5546875,6104.4931640625,5764159.5,119.77316876904642,-0.0533109232783317,2.4021499156951904,0.095916599035263,0.0764681622385978,inf,inf,-82.92447662353516,3.1128146648406982,1433.804443359375,4.803610610906851e+19,1835.6243896484373,1.0146660263122698e+18,2.1839890480041504,0.1806896775960922,2.250697135925293,NT,5.1943559646606445,1.6104648113250732,1880.2396240234373,-82.93673706054688,-0.0007300822762772,-0.00129874155391,166800.5625,19.587570190429688,0.2103771120309829,1.194413661956787
194151,2040,2520,790691.625,-2.016730308532715,45189952391601.28,3797633.25,1.7447699308395386,1.4087367057800293,0.54671311378479,426628.71875,66815.8515625,113587.3203125,4139.0537109375,3716604.75,11.050348911418505,0.1122730001807212,1.881003379821777,0.1163638234138488,0.0981059744954109,inf,inf,-78.32266235351562,3.0934548377990723,1234.1219482421875,4.515973971034138e+19,1469.457275390625,8.360070003902382e+17,0.9043887257575988,0.0872392728924751,2.849029064178467,NT,3.954700231552124,1.546939730644226,1505.6572265625,-78.24675750732422,-0.0005261847982183,-0.0009981312323361,198022.171875,-233.15235900878903,0.308141678571701,1.1996819972991943
194152,4200,4540,793774.9375,-2.02413272857666,44139393278412.32,7658795.5,1.7409567832946775,1.437003254890442,0.5490110516548157,518749.0,163117.15625,15729.19921875,8078.37109375,7716776.0,-163.1184888621005,0.2597483098506927,2.207143783569336,0.0678809583187103,0.0465351603925228,inf,inf,-57.70672607421875,3.2578883171081543,1301.5709228515625,4.409228984163133e+19,1510.8853759765625,1.2025245973044265e+18,1.0221716165542605,7.0588250160217285,1.0617587566375732,NT,6.414666175842285,1.820542335510254,1547.021728515625,-57.92909240722656,-0.0008573143277317,-0.00139408162795,,681.0639038085938,0.2625380158424377,1.2358702421188354
194152,2045,2500,790323.4375,-2.019116401672364,41271544420547.625,3773266.5,1.743831753730774,1.4081794023513794,0.5466898679733276,385034.21875,71342.6328125,30771.806640625,4026.12744140625,3655263.0,12466.853904785252,0.1877995133399963,1.693668246269226,0.1037210375070571,0.0844975635409355,inf,inf,-77.71806335449219,3.0951452255249023,1239.1273193359375,4.201542672597176e+19,1377.2479248046875,9.757726579055656e+17,0.3911698162555694,2.8564860820770264,3.120310544967652,NT,3.8758420944213854,1.7057586908340454,1408.795654296875,-77.6069107055664,-0.0006192738655954,-0.0010936232283711,226315.515625,12606.013671875,0.3243521153926849,1.2012006044387815
194153,2120,2500,789530.1875,-2.018348217010498,44987903628639.43,5585482.5,1.7462412118911743,1.412224531173706,0.5455016493797302,504021.1875,115129.3515625,65959.0859375,5952.23974609375,5614207.5,0.0,0.009854738600552,2.227745532989502,0.0914170145988464,0.0705270618200302,1.153714299201965,1.8920185565948489,-78.32769012451172,3.1123805046081543,1469.9163818359375,4.507798002569996e+19,1650.41552734375,1.2684917215581962e+18,0.4919800162315368,0.3192656636238098,2.894364833831787,NT,5.068602085113525,1.85569441318512,1689.684326171875,-78.62716674804688,-0.0006566157680936,-0.0005032555200159,195581.5,0.0,0.2450328171253204,1.1930793523788452
194153,4450,4890,790959.25,-2.0242855548858643,42846563054453.67,7507082.0,1.7444968223571775,1.4501551389694214,0.5470125675201416,628571.125,191741.09375,-40628.6328125,8071.65625,7711563.0,0.0,-0.0544508323073387,2.685641288757324,0.0833006352186203,0.0578897483646869,1.1710840463638306,1.9958115816116333,-80.91249084472656,3.309443473815918,1740.4534912109375,4.175149115874738e+19,2012.405517578125,1.238597787105362e+18,4.0655837059021,0.5022547841072083,1.6398195028305054,NT,6.410855293273926,1.8689402341842647,2057.9384765625,-81.3210220336914,-0.0008633694378659,-0.0008070389158092,47419.48046875,0.0,0.0799878984689712,1.234707593917847
194154,2080,2500,790810.3125,-2.0171260833740234,39540673347221.445,5550267.0,1.747164249420166,1.4096497297286987,0.5455691814422607,519764.1875,144850.140625,72813.5,5949.43798828125,5593036.5,-98.4303819306506,-0.0371189676225185,2.303900957107544,0.0950817391276359,0.0685869082808494,1.1750202178955078,1.982188105583191,-85.47584533691406,3.0969626903533936,1588.528076171875,3.796208590626855e+19,1813.0093994140625,1.0736755097049498e+18,1.4416637420654297,0.325432687997818,2.7213854789733887,NT,5.069468021392822,1.85065758228302,1849.9588623046875,-85.7919921875,-0.0006980553735047,-0.0008827046258375,,-376.9381713867188,0.2038992941379547,1.191175937652588
194154,2640,2920,791838.875,-2.018896579742432,40112978271074.3,7487793.0,1.7492594718933103,1.4092038869857788,0.5472316741943359,625008.5625,214551.1875,48524.07421875,8027.6279296875,7673467.0,-267.3956048090614,-0.0644258707761764,2.769315004348755,0.0840917751193046,0.0552309677004814,1.163047432899475,2.035893678665161,-86.2816390991211,3.12865948677063,1860.7740478515625,3.844413819216462e+19,2430.052734375,1.6080024953956598e+18,5.397928237915039,0.7017658352851868,2.681272268295288,NT,6.379915714263916,2.2031023502349854,2467.3984375,-86.56703186035156,-0.0009468768839724,-0.001203260035254,,-634.8535766601562,0.1658732891082763,1.1924662590026855
194155,4760,5280,487176.125,-1.016611933708191,31040213052786.523,1230652.625,1.7341755628585815,1.4310472011566162,0.5536623001098633,166831.734375,17823.3515625,-324.5541076660156,1165.482666015625,1164107.0,21.559637063283805,0.3192245662212372,2.3047566413879395,0.136002779006958,0.1214813366532325,1.4044461250305176,2.3706507682800293,-64.45455932617188,2.7050912380218506,835.8507080078125,3.023079952681743e+19,992.2518310546876,9.946964212506952e+17,1.3762691020965576,0.1538485884666443,1.462207555770874,NT,1.1168965101242063,1.910500407218933,1003.8740844726562,-64.42700958251953,-0.0005699720350094,-0.0007203374407254,170545.71875,-49.15711975097656,0.3223166763782501,1.253363847732544
194290,3400,3720,587729.9375,-2.015044450759888,97255175634824.23,3948956.25,1.7319599390029907,1.3881436586380005,0.5593217611312866,227603.25,7320.84423828125,-5596.1318359375,3872.353759765625,3849849.75,-66.18053848172441,0.4854021072387695,1.341809630393982,0.0575669668614864,0.0557151138782501,0.6993498206138611,1.2125550508499146,-30.39862632751465,4.2678728103637695,370.7015686035156,9.277693188922724e+19,428.0545349121094,1.1070805283826564e+18,0.442241758108139,0.3806171417236328,0.0842221304774284,NT,3.771131038665772,1.342706322669983,459.1969604492188,-30.50288391113281,-0.0008112692157737,-0.0009382278658449,326513.96875,104.22125244140624,0.5140014886856079,1.2428961992263794
194291,3300,3780,587815.1875,-2.01541805267334,96658056604832.0,3943237.75,1.7321738004684448,1.3826701641082764,0.5600656867027283,220187.90625,7115.84765625,-21216.982421875,3867.315185546875,3845112.25,-62.54374316215217,0.5644643306732178,1.3027215003967283,0.0555494651198387,0.0537538342177867,0.6788662075996399,1.1734944581985474,-29.553091049194336,4.24473237991333,365.7356262207031,9.325332828731002e+19,426.516357421875,1.0881248792003215e+18,0.4106285274028778,0.3877018690109253,0.0905264988541603,NT,3.765554189682007,1.3355246782302856,460.61431884765625,-29.73716354370117,-0.0007256568060256,-0.0008110516937449,384296.15625,-363.4181518554688,0.5540921688079834,1.2408545017242432
194293,2100,2900,788550.5,-2.013782024383545,71973516515314.08,4031534.75,1.7374286651611328,1.4116318225860596,0.5542206168174744,412561.21875,26927.9140625,-5010.6767578125,3865.19775390625,3846731.0,-58.32508985391744,0.3725053668022156,1.7911475896835327,0.1022261902689933,0.0955520644783973,1.033715844154358,1.7312273979187012,-57.60326766967773,3.2502658367156982,915.5061645507812,7.349233796491982e+19,955.36669921875,2.347852599731945e+18,0.3823086619377136,2.869886875152588,0.969270646572113,NT,3.7648348808288574,1.9448916912078853,977.3321533203124,-57.59639739990234,-0.0007706270553171,-0.0005619258154183,316288.71875,-735.768798828125,0.4247856140136719,1.2378945350646973
194293,3200,3730,786329.1875,-2.015249967575073,81447518929842.14,4015366.5,1.7333122491836548,1.4323687553405762,0.5541554689407349,415206.875,20961.609375,-15373.6767578125,3869.289306640625,3846730.25,-10.090893429390114,0.3714779615402221,1.7761040925979614,0.1030310988426208,0.097829669713974,0.997689127922058,1.7181106805801392,-53.76607894897461,3.3563687801361084,805.2684326171875,8.326840810877852e+19,822.716552734375,1.3772097820452454e+18,0.3165746629238128,2.0592458248138428,1.3166089057922363,NT,3.767652988433838,1.4968324899673462,857.7481079101562,-53.74884796142578,-0.0007131065358407,-0.0005529674817807,306691.25,337.6528625488281,0.3859996795654297,1.260926365852356
194313,2780,3300,987340.375,-2.016322612762451,53414493441086.52,4232660.0,1.739790439605713,1.423060417175293,0.5519808530807495,614199.1875,68768.5,34272.265625,4048.744140625,4047439.0,35.305419427662464,0.0805076509714126,2.1157748699188232,0.1465367972850799,0.1301324069499969,1.313193440437317,2.141613483428955,-101.9766616821289,2.6016957759857178,1680.45654296875,5.5791313463493526e+19,1931.18115234375,1.6058636704017285e+18,1.943731665611267,0.1579522639513015,1.22498881816864,NT,3.903366327285767,1.833339810371399,1962.4208984375,-101.91526794433594,-0.0007375996792688,-0.0006395630189217,278041.625,-614.5789184570312,0.2943091094493866,1.243414282798767
194313,4420,4850,986724.25,-2.0195348262786865,55035004677421.31,4215310.0,1.734297275543213,1.4502406120300293,0.5537682771682739,592172.25,62625.37109375,-42367.81640625,4057.89404296875,4047439.25,48.297481990362265,0.2385318577289581,1.982289433479309,0.1394819170236587,0.1247296780347824,1.2341742515563965,2.0311155319213867,-96.90869140625,2.72393798828125,1511.6734619140625,5.677003274384205e+19,1684.2296142578125,1.3158520854130196e+18,1.980213522911072,0.1958038359880447,2.0651566982269287,NT,3.911610364913941,1.6762093305587769,1716.12744140625,-96.8643035888672,-0.0006910551455803,-0.0005947009194642,247309.515625,-160.09584045410156,0.2228569984436035,1.2833806276321411
194313,3900,4380,984810.4375,-2.018728017807007,57179093792829.99,4240147.0,1.7374211549758911,1.4325381517410278,0.5502111315727234,615037.75,61435.21875,11485.53515625,4053.057373046875,4047439.0,-14.595632365961494,0.1419809162616729,2.1138949394226074,0.1456943452358245,0.13113933801651,1.293873906135559,2.124308586120605,-99.27935028076172,2.627472162246704,1619.1195068359375,6.016093979804277e+19,1779.6060791015625,1.5452941861676646e+18,1.867565393447876,0.1880978196859359,1.1401965618133545,NT,3.907980918884277,1.7574437856674194,1812.14892578125,-99.21289825439452,-0.0007266427855938,-0.0006179568590596,298100.375,-62.080039978027344,0.320179671049118,1.2443532943725586
194313,3360,3840,987571.4375,-2.017077922821045,53123702504842.016,4197292.0,1.7347716093063354,1.4449023008346558,0.5530746579170227,595784.5625,66830.5390625,-20000.072265625,4050.38037109375,4047439.0,29.65647118012864,0.218495026230812,2.0068798065185547,0.1414424180984497,0.1255813241004943,1.2562071084976196,2.060976505279541,-97.87120056152344,2.6932191848754883,1555.256591796875,5.50366966431183e+19,1748.940673828125,1.3284590857370993e+18,1.81312894821167,0.153487890958786,1.6847457885742188,NT,3.905117511749268,1.7001038789749146,1783.314208984375,-97.79339599609376,-0.0007088570855557,-0.0006431491929106,236488.65625,66.97055053710938,0.2155723422765731,1.2740049362182615
194314,2480,2980,986580.8125,-2.0157010555267334,53269068527201.82,4220509.0,1.7403610944747925,1.4194941520690918,0.5517290830612183,600782.5625,68475.3046875,12506.2568359375,4045.1982421875,4048122.5,-55.42662548673187,0.0246580392122268,2.0789122581481934,0.1428895443677902,0.1266062557697296,1.2864644527435305,2.0958175659179688,-98.24867248535156,2.583945751190185,1657.3017578125,5.476977480231289e+19,1902.5037841796875,1.617870199938089e+18,2.285356044769287,0.1878758370876312,1.2641396522521973,NT,3.900538682937622,1.832630515098572,1932.5096435546875,-98.1994400024414,-0.0007928687846288,-0.0007846526568755,249450.8125,-227.65170288085932,0.2665792107582092,1.2383698225021362
194314,3955,4420,984880.25,-2.0187556743621826,56555416432648.96,4241697.0,1.7367048263549805,1.4346462488174438,0.5508601665496826,604200.25,62078.67578125,3945.973876953125,4054.567138671875,4048122.75,-98.59652416435138,0.1742867678403854,2.0683348178863525,0.142910897731781,0.1282291859388351,1.271417260169983,2.086360216140747,-96.02739715576172,2.6387205123901367,1635.381103515625,5.816397599335042e+19,1760.74462890625,1.5464812464088023e+18,1.8646329641342163,0.146461546421051,1.2580784559249878,NT,3.9106602668762207,1.765414118766785,1791.495849609375,-95.97396850585938,-0.0008398977224715,-0.0007998808287084,290165.9375,-499.0457458496094,0.3220850229263305,1.250016212463379
194314,4460,4940,986827.9375,-2.0158653259277344,54501445818271.41,4187305.0,1.7337321043014526,1.4542170763015747,0.5540966987609863,583649.25,62799.484375,-16181.93359375,4055.564697265625,4048122.5,-42.67286709166731,0.2252679765224456,1.9469668865203853,0.138995736837387,0.12404615432024,1.219408631324768,2.012974262237549,-94.05877685546876,2.7349915504455566,1503.442626953125,5.497091945949823e+19,1675.4244384765625,1.3130837900121866e+18,1.777584671974182,0.1550637930631637,1.9171546697616573,NT,3.91119122505188,1.681083083152771,1707.1917724609375,-93.99993896484376,-0.0008240612223744,-0.0008029000600799,226384.28125,263.7627258300781,0.1918136924505233,1.2899537086486816
194318,3840,4320,783060.6875,-2.0191843509674072,124444793605570.9,4203731.0,1.7353428602218628,1.3890516757965088,0.55674147605896,306004.125,5964.05810546875,261.1456298828125,3781.587646484375,3742926.5,-134.81162047825708,0.7973618507385254,1.3522566556930542,0.0728340893983841,0.0714150220155716,0.6454506516456604,1.2075297832489014,-27.0823974609375,3.179206609725952,435.0210266113281,1.2302352040301951e+20,449.23675537109375,1.529258221393412e+18,0.271551638841629,0.0995047390460968,0.1877252608537674,NT,3.681887149810791,1.3630553483963013,494.8591613769531,-27.42587852478028,-0.0009203398949466,-0.0010943481465801,729791.3125,229.4028778076172,0.7930271625518799,1.2363061904907229
194318,3160,3670,786300.25,-2.017603874206543,117433837813489.88,4084446.75,1.7360985279083252,1.388948917388916,0.5553425550460815,366808.875,8488.029296875,-623.9476928710938,3786.36474609375,3742926.5,-208.46687705095417,0.5936314463615417,1.6218953132629397,0.0898068770766258,0.0877287536859512,0.795432448387146,1.4720263481140137,-33.11278533935547,3.168618679046631,518.381103515625,1.1488716954184922e+20,519.1480712890625,9.717265238348268e+17,0.3297486007213592,0.1115298867225647,0.3443661034107208,NT,3.6851422786712646,1.2466899156570437,586.7846069335938,-33.44719314575195,-0.0009780161781236,-0.001169269089587,593131.875,-139.39480590820312,0.6276959776878357,1.2245835065841677
194319,3300,3780,785192.1875,-2.017730474472046,118888511943592.23,4656832.5,1.736937403678894,1.395796537399292,0.5542095899581909,429570.40625,11690.353515625,30417.498046875,4608.69091796875,4431118.0,-50.81140498282599,0.4120747745037079,1.9002864360809328,0.0929174721240997,0.090389497578144,0.8875992298126221,1.6162614822387695,-36.25788879394531,3.2008402347564697,600.7020874023438,1.15857475359222e+20,603.1122436523438,6.852765318863913e+17,0.6318835020065308,0.1620935052633285,1.1370075941085815,NT,4.1964192390441895,1.17242693901062,662.4306030273438,-36.65073013305664,-0.0007239538826979,-0.0010576850036159,,606.4525756835938,0.5064682960510254,1.2214754819869995
194319,4240,4780,782263.4375,-2.0199806690216064,118919808640793.98,4894787.0,1.7338087558746338,1.3959519863128662,0.5593951940536499,417735.0625,11749.005859375,-6348.4228515625,4897.31884765625,4681051.0,-92.20721574947024,0.4952497482299804,1.8381887674331665,0.0854344815015792,0.0830331519246101,0.847827136516571,1.5314810276031494,-35.0008544921875,3.292311429977417,594.7615356445312,1.1618083733090442e+20,594.0763549804688,7.983030286868808e+17,0.6153120994567871,0.1751881837844848,1.4062860012054443,NT,4.383681297302246,1.201797366142273,651.0999145507812,-35.440452575683594,-0.0007691146456636,-0.001080458285287,,-799.5709228515625,0.5149437189102173,1.2451715469360352
194320,4380,4900,780561.75,-2.019826412200928,129880670358319.77,5765753.0,1.7354981899261477,1.4071205854415894,0.5552793741226196,414699.34375,11395.7294921875,-32738.486328125,5777.87060546875,5543858.0,-19.744319147770707,0.5073280334472656,1.822753310203552,0.0719200670719146,0.0699486956000328,0.7693780064582825,1.38670015335083,-30.754493713378903,3.2801332473754883,541.9318237304688,1.271368989556458e+20,536.8037719726562,1.3181732918982085e+18,0.7022942304611206,0.1789966225624084,1.0604137182235718,NT,4.942237854003906,1.306586742401123,583.5755004882812,-30.97378921508789,-0.0010004118084907,-0.0007903239456936,,1130.5677490234375,0.547251284122467,1.2411009073257446
194324,2120,2720,789000.1875,2.0123846530914307,72435442000760.05,3869279.5,1.742194414138794,1.3850350379943848,0.5519296526908875,444302.96875,28702.0859375,5979.37109375,3782.392333984375,3737081.25,11.498155409232268,0.1903786808252334,1.9789149761199951,0.1150758117437362,0.1076436787843704,1.1473268270492554,1.919853568077088,-71.60398864746094,3.0842506885528564,875.3966674804688,7.3971465549886e+19,883.1328125,9.138661675321262e+17,0.8625262379646301,0.1054344400763511,1.5372400283813477,NT,3.6824564933776855,1.3525784015655518,1032.9736328125,-71.04300689697266,-0.0008602525340393,-0.0011831178562715,280228.0625,179.19081115722656,0.3498432636260986,1.1992316246032717
194342,2710,3290,982595.1875,2.011995553970337,78779773348784.08,4298201.0,1.7401719093322754,1.423364281654358,0.5495423078536987,591545.9375,33687.8359375,8862.126953125,4009.4453125,4017350.5,0.0,0.0973868444561958,2.053842306137085,0.1382816582918167,0.1304049789905548,1.147014856338501,1.975334882736206,-89.18702697753906,2.575134992599488,1111.604736328125,8.085635227632167e+19,1111.556884765625,9.581013757434266e+17,1.3596431016921997,0.2642310857772827,0.770936131477356,NT,3.850990056991577,1.3451886177062988,1287.1033935546875,-88.36774444580078,-0.0002861513057723,-0.0007988341385498,381640.0,0.0,0.4053016304969787,1.2335420846939087
194342,3300,3765,984647.375,2.013192653656006,80943891065883.6,4308966.5,1.7343884706497192,1.449487328529358,0.553291380405426,572112.5,30045.611328125,-1971.34375,4018.269287109375,4017350.25,0.0,0.4570295810699463,1.9171301126480105,0.1339796781539917,0.1269448846578598,1.0784331560134888,1.8870863914489744,-80.61698150634766,2.704078435897827,1010.328369140625,8.344308092401353e+19,979.2208862304688,9.636290330131168e+17,1.049282789230347,0.2186074554920196,1.7435309886932373,NT,3.8590996265411377,1.3414087295532229,1124.25634765625,-79.96414947509766,-0.000275934493402,-0.0007723398739472,388123.59375,0.0,0.3874364197254181,1.2831677198410034
194342,4740,5190,980926.0,2.0171687602996826,80297058800711.53,4241275.0,1.73184335231781,1.4583003520965576,0.5506443977355957,585059.4375,31282.15234375,36933.79296875,4033.438720703125,4017350.5,0.0,0.3178564012050628,1.9696522951126096,0.1398072987794876,0.1323335021734237,1.1173756122589111,1.9567934274673464,-82.99205780029297,2.725586175918579,1083.4573974609375,8.298870994285835e+19,990.8782958984376,9.652974731887904e+17,0.9224497675895692,0.1890934705734253,2.1183300018310547,NT,3.8732430934906006,1.348859429359436,1141.8065185546875,-82.30072784423828,-0.0002575970138423,-0.0007852658745832,329396.6875,0.0,0.3098439872264862,1.2763632535934448
194342,3780,4320,980602.5,2.0136523246765137,80932332220565.42,4282308.5,1.7339295148849487,1.4455417394638062,0.5492108464241028,584533.6875,31260.80859375,6568.7568359375,4025.5888671875,4017350.5,0.0,0.2409915328025818,1.9985206127166748,0.1371328383684158,0.1297994405031204,1.1170414686203003,1.9446773529052728,-85.83496856689453,2.660066843032837,1086.977294921875,8.312480309409795e+19,1013.9382934570312,9.832193752825856e+17,0.9251224994659424,0.1864534020423889,1.8364888429641724,NT,3.867066383361816,1.351534366607666,1170.234619140625,-85.02173614501953,-0.0003038420109078,-0.0008160465513356,363055.9375,0.0,0.3625923693180084,1.2549980878829956
194343,2740,3220,983721.0625,2.010707139968872,69323413735235.32,4262750.0,1.7404870986938477,1.4182451963424685,0.5492213368415833,565347.375,41244.87890625,19429.109375,4011.460205078125,4017146.0,0.0,0.0633617714047432,1.9708088636398315,0.1333775818347931,0.1236445233225822,1.1409759521484375,1.9227044582366943,-91.57838439941406,2.550508737564087,1219.4144287109375,7.291261386210515e+19,1216.802001953125,7.980540580226662e+17,1.4147013425827026,0.2161806523799896,0.6989603638648987,NT,3.853433132171631,1.3242274522781372,1402.4693603515625,-90.76426696777344,-0.0005257494049146,-0.0001777454017428,343211.28125,0.0,0.3656840026378631,1.2272894382476809
194343,3860,4340,981538.25,2.0124776363372803,69800610963279.57,4262683.5,1.7348748445510864,1.4392685890197754,0.5486494898796082,555618.75,39750.8828125,-8924.228515625,4023.397705078125,4017146.0,0.0,0.1833820343017578,1.9095500707626345,0.1301751285791397,0.120860144495964,1.1099132299423218,1.8780080080032349,-91.43604278564452,2.6271111965179443,1204.4013671875,7.391172248607916e+19,1132.1959228515625,8.079076063528878e+17,1.1873754262924194,0.1834219694137573,1.739872694015503,NT,3.864924669265747,1.3304418325424194,1303.018310546875,-90.47769927978516,-0.0005406156415119,-0.0001827559026423,356551.09375,0.0,0.3449093103408813,1.2466628551483154
194344,2880,3350,985322.0,2.011358976364136,62979126156967.984,4250718.0,1.7397174835205078,1.4209142923355105,0.5501982569694519,561302.1875,48559.484375,-27666.802734375,4017.98583984375,4008086.75,0.0,0.1726572960615158,1.943510890007019,0.1313127428293228,0.1199497580528259,1.1540809869766235,1.9154820442199707,-96.94994354248048,2.56624436378479,2.56624436378479,2.56624436378479,1292.0186767578125,,1.1719231605529783,0.1939091086387634,0.9432653188705444,NT,3.858312606811523,,1495.185546875,-96.06461334228516,-0.0007912211585789,-0.0010420444887131,,0.0,0.3844174444675445,1.235297918319702
194346,3220,3800,789609.3125,2.011792182922364,56286687903856.7,4051146.5,1.7364691495895386,1.4164258241653442,0.5525540709495544,484582.34375,52915.5625,1553.8533935546875,4010.5830078125,4012286.25,183.42157767918715,0.2205453664064407,2.0979809761047363,0.1196788698434829,0.1066096797585487,1.2782362699508667,2.078109741210937,-87.7873306274414,3.2431480884552,1117.2015380859375,5.748352782933846e+19,1179.17626953125,6.309129661574021e+17,0.8502793908119202,0.0725251659750938,0.7291178703308105,NT,3.854631185531616,1.3215842247009275,1349.6068115234375,-87.08599090576172,-0.0008453982882201,-0.0005005408311262,196915.4375,-146.2790985107422,0.208346426486969,1.235184907913208
194347,2660,3180,592487.3125,2.008599281311035,53946300572290.7,3936771.25,1.7395178079605105,1.3391798734664917,0.5568514466285706,328148.25,42635.6796875,34247.37109375,4012.6513671875,4018659.5,-165.57604235867424,0.2991800606250763,2.016152858734131,0.0841403603553772,0.07321048527956,1.1932514905929563,1.8828332424163816,-70.27645111083984,4.008671283721924,773.5654907226562,5.526102780151018e+19,884.454833984375,7.593651987787284e+17,0.4750452935695648,0.0345042459666729,1.3421952724456787,NT,3.8576934337615967,1.4078700542449951,1000.7130737304688,-69.82903289794922,-0.000757185043767,-0.0003954319108743,160673.8125,-108.43994140625,0.2746154069900512,1.1654943227767944
194348,2900,3200,591434.3125,2.009783983230591,78162656302271.31,4053384.75,1.7366284132003784,1.3445518016815186,0.5591444373130798,258273.40625,15124.140625,2031.64697265625,4010.53515625,4014845.75,4.641329499249299,0.6255088448524475,1.5655598640441897,0.0637548565864563,0.0600211694836616,0.8560433387756348,1.4012582302093506,-34.41765213012695,3.990945339202881,502.19720458984375,8.04333921433488e+19,581.1903076171875,1.4079431936258867e+18,0.3861757516860962,0.0384568646550178,1.0855566263198853,NT,3.8584280014038086,1.5184985399246216,632.7453002929688,-34.786598205566406,-0.0008421414531767,-0.0004635903460439,280547.75,1056.5399169921875,0.5127415657043457,1.1928215026855469
194348,3200,3680,592494.3125,2.0101263523101807,80770066289542.81,4059143.25,1.734104871749878,1.383455753326416,0.5596151351928711,256323.0625,13437.3779296875,2973.771240234375,4011.145263671875,4014845.75,-31.704879861438712,0.593748927116394,1.4990074634552002,0.0632084086537361,0.0598947517573833,0.8216130137443542,1.366116285324097,-29.89096641540528,4.193075656890869,465.6903991699219,8.218741225681427e+19,549.6449584960938,1.523311650193539e+18,0.3482381105422973,0.0494038984179496,0.9527005553245544,NT,3.857670783996582,1.545279860496521,590.3265380859375,-30.173723220825195,-0.0008126265020109,-0.000442653108621,289516.5,530.5692749023438,0.4629409909248352,1.2386162281036377
194350,1720,2120,788664.9375,2.010382413864136,56963515998458.87,4090570.0,1.7394449710845947,1.3708637952804563,0.5518571138381958,444057.625,49511.7421875,10633.216796875,3999.04296875,4002253.75,30.640282465955373,0.2110117673873901,2.000410795211792,0.1089067235589027,0.0967631340026855,1.193833351135254,1.9252960681915283,-84.39706420898438,3.0539114475250244,1036.5150146484375,5.980839238971268e+19,1056.529296875,6.36775768315134e+17,1.155035138130188,0.0742263346910476,1.435623049736023,NT,3.847232818603516,1.3207197189331057,1227.0390625,-83.57832336425781,-0.0007517502526752,-0.0009671272127889,212603.546875,-292.0834350585937,0.3427291214466095,1.1847846508026123
194350,3760,4240,783528.0625,2.011896133422852,87471766920680.83,4164641.25,1.7380506992340088,1.389593243598938,0.550083577632904,417812.375,20115.435546875,-477.9849853515625,4015.195556640625,4002252.75,11.230999298163248,0.2398688197135925,1.879905104637146,0.1004273816943168,0.0955938920378685,0.9998410940170288,1.7183494567871094,-53.881954193115234,3.098508596420288,763.7167358398438,8.869626600655054e+19,723.4612426757812,1.1711530566628147e+18,0.7972557544708252,0.1362482160329818,2.4377970695495605,NT,3.863790512084961,1.3933582305908203,821.1408081054688,-54.06792449951172,-0.0007323409081436,-0.0009473651298321,322428.375,-409.8794555664063,0.4135584235191345,1.19776713848114
194398,4300,4730,788262.0625,-2.0236520767211914,64876081196084.57,3730336.75,1.7395533323287964,1.4174729585647583,0.548972487449646,446418.875,34042.99609375,5211.45947265625,3703.455322265625,3622507.25,-12.61167664389848,0.1955193430185318,1.9586799144744875,0.1199722960591316,0.1108233481645584,1.192258358001709,1.969249367713928,-67.03608703613281,3.202921867370605,1060.3172607421875,6.4736355126893085e+19,1194.05224609375,1.890294409245753e+18,0.7561879754066467,0.0604937449097633,1.2583712339401243,NT,3.621024608612061,1.8584084510803225,1219.147705078125,-67.03820037841797,-0.0005862398538738,-0.0005133028025738,241592.265625,168.59335327148438,0.3002979159355163,1.210146427154541
194398,2310,2680,790109.9375,-2.018604040145874,57083991684994.766,3710079.0,1.7409228086471558,1.401376485824585,0.5504916906356812,433954.28125,42322.2421875,14165.7900390625,3672.569580078125,3622507.75,-106.46304508345044,0.1345659345388412,1.9192657470703125,0.1175311207771301,0.1060681864619255,1.201058268547058,1.951876521110535,-71.6386947631836,3.1350560188293457,1113.176025390625,5.700228918204695e+19,1281.0487060546875,1.571002692170416e+18,0.7824649214744568,0.0806180834770202,1.2096220254898071,NT,3.5955073833465576,1.804157376289368,1307.7325439453125,-71.61857604980469,-0.0006355741643346,-0.0005678349989466,228469.40625,26.864574432373047,0.3025877475738525,1.203001618385315
194399,3810,4780,788410.5,-2.0227479934692383,55535450311282.04,3509916.5,1.738723635673523,1.4084680080413818,0.5499193072319031,419838.0,39791.11328125,-24446.1328125,3431.633544921875,3401015.25,130.05253185119145,0.2153839617967605,1.8412634134292605,0.1188869252800941,0.1076166853308677,1.190418004989624,1.9357855319976809,,3.1700432300567627,1093.41552734375,5.534805634587191e+19,,,0.6915094256401062,0.0523609891533851,1.1977484226226809,NT,3.0665066242218018,,,,-0.0008059471147134,-0.0010982510866597,,-224.63096618652344,0.2980547845363617,1.212924838066101
194400,3320,4190,590852.75,-1.2141956090927124,44187802093505.98,1586902.0,1.741315841674805,1.389788031578064,0.567378044128418,270178.6875,18056.837890625,-4358.84033203125,1798.6346435546875,1499081.875,0.0,0.3781591653823852,2.593048572540283,0.1716118901968002,0.1602749675512313,1.56403386592865,2.694627523422241,-79.47126007080078,2.6755409240722656,911.342041015625,4.372766979562825e+19,1291.3726806640625,1.3788086093909852e+18,2.027696132659912,0.2331151515245437,2.118948459625244,NT,1.7248315811157229,1.842167377471924,1307.7000732421875,-79.41210174560547,-0.0002418027434032,-0.0007812268449924,183214.5625,0.0,0.3050346672534942,1.2686582803726196
194404,2800,4480,788812.25,-2.023576021194458,55060576454167.445,2173546.25,1.7381147146224976,1.4055384397506714,0.5507800579071045,338399.84375,19346.92578125,2544.67333984375,2010.7979736328125,1952890.375,-81.09622233100087,0.3180433809757232,1.4774467945098877,0.1559886783361435,0.1470708400011062,1.1638485193252563,1.9937645196914675,-58.51887130737305,3.1522862911224365,957.3308715820312,5.461840283749371e+19,1070.6094970703125,1.3966556072551383e+18,0.4307932257652282,0.0224300753325223,1.083169937133789,NT,1.9706557989120483,1.7422640323638916,1090.185302734375,-58.49247741699219,-0.0006602776702493,-0.0008981357677839,298609.375,-146.06336975097656,0.3694571852684021,1.2191941738128662
194407,1140,1565,547031.875,-1.4148885011672974,39036870028045.52,1406899.5,1.701358675956726,1.3006070852279663,0.5858320593833923,214287.484375,16594.666015625,-15122.4345703125,1473.8375244140625,1318132.0,-77.39438645871383,0.4583679437637329,1.9673212766647337,0.1512018293142318,0.1395376920700073,1.4852896928787231,2.471325159072876,-55.95772552490234,3.430325508117676,716.7431030273438,3.946549213539179e+19,903.7772827148438,1.1512651590590792e+18,0.5855414271354675,0.025593964383006,0.9368735551834106,NT,1.4089577198028564,1.848337292671204,917.3408203125,-55.9196891784668,-0.0008336945320479,-0.0007133963517844,175995.546875,0.5528564453125,0.25874063372612,1.2579509019851685
194411,3040,3520,986456.125,-2.019049882888794,62839440196446.6,3645699.25,1.734534740447998,1.4516944885253906,0.5555151700973511,513343.59375,36825.16015625,63838.91015625,3272.798095703125,3380780.5,-110.94211457126056,0.3882492184638977,1.704086184501648,0.1438060402870178,0.133489653468132,1.1049405336380005,1.8919856548309328,-60.97822189331055,2.7390224933624268,1193.573974609375,6.307519536746306e+19,1257.160888671875,1.6666338155078615e+18,0.9489107728004456,0.0880106687545776,1.375347375869751,NT,2.856045722961426,1.7832409143447876,1284.067138671875,-61.18722152709961,-0.0001736705453367,-0.0003492722171358,356046.625,558.2360229492188,0.3399471342563629,1.296047329902649
194411,3580,4960,985061.1875,-2.0218660831451416,65850905940195.13,4516154.5,1.7344326972961426,1.4567275047302246,0.5552348494529724,581512.0625,47506.02734375,9149.8466796875,4363.0361328125,4309784.0,-87.04300384325228,0.3246711492538452,1.928810954093933,0.1291082501411438,0.1185611486434936,1.130678653717041,1.8992207050323489,-67.68435668945312,2.7677063941955566,1292.8109130859375,6.540594891211565e+19,1351.4971923828125,1.693986366272045e+18,1.3811664581298828,0.1375937014818191,1.4958827495574951,NT,3.919192314147949,1.763291597366333,1383.94287109375,-67.742431640625,-0.0004961777012795,-0.0006908799987286,321266.375,82.90230560302734,0.3050489723682403,1.2964363098144531
194412,2285,2750,1085582.625,-2.0171682834625244,62055692407263.14,4282669.0,1.7336442470550537,1.46920645236969,0.5540847182273865,638281.9375,52631.99609375,45727.4609375,4030.97265625,4021616.25,58.26016781778954,0.3193345069885254,1.9043240547180176,0.1508329510688781,0.1383970975875854,1.1732994318008425,1.9855419397354128,-93.78656005859376,2.532634973526001,1500.3680419921875,6.376331372459039e+19,1660.7581787109375,1.4846563947737252e+18,1.5834873914718628,0.1952575743198394,1.1087654829025269,NT,3.8815438747406006,1.6838165521621704,1691.623046875,-93.70325469970705,-0.0004546653944998,-0.0007459410117007,332069.75,597.052734375,0.3143374323844909,1.3076465129852295
194414,2420,2810,594912.5,-2.017019033432007,45292466783704.93,9065278.0,1.7403123378753662,1.3478448390960691,0.558552622795105,387587.21875,121989.7734375,26529.19921875,6965.28955078125,7171434.5,2215944.405123068,0.2431453615427017,2.3654232025146484,0.0429041944444179,0.0294066332280635,0.9137399792671204,1.4732890129089355,-27.61749267578125,4.1652421951293945,1076.44140625,4.726900323464826e+19,1086.0599365234375,1.3636851018288333e+18,0.1634992361068725,0.0470698960125446,0.9405169486999512,NT,4.382211208343506,1.821474432945252,1123.722412109375,-27.87555503845215,-0.0011284865904599,2.445202350616455,108057.375,2224508.25,0.2052815854549408,1.1684731245040894
194414,4160,4630,593317.5,-2.021303176879883,51599391957345.98,8214033.5,1.7353030443191528,1.3583828210830688,0.5589260458946228,364507.90625,87018.03125,10895.0498046875,6685.779296875,6871160.0,1628163.6748486802,0.2849960923194885,2.2038238048553467,0.0444403402507305,0.0338304713368415,0.9305540919303894,1.4364005327224731,-14.40155792236328,4.234813690185547,924.5817260742188,5.351203905325341e+19,960.5,1.5583767252707574e+18,0.2243496477603912,0.0445462055504322,0.6294845938682556,NT,2.1724486351013184,1.828195095062256,992.2020874023438,-14.603034973144531,-0.0013207549927756,5.071468830108643,139307.265625,1629696.875,0.2313588857650756,1.1842628717422483
194414,3520,4000,594486.375,-2.0199220180511475,49561033642797.25,8324426.0,1.7361063957214355,1.3578555583953855,0.5578811764717102,379943.28125,98717.6328125,6165.529296875,6811.05126953125,6956341.0,1669154.112967814,0.2832832336425781,2.298593282699585,0.0456801876425743,0.0338117443025112,0.9560473561286926,1.4920835494995115,-24.79369354248047,4.212306499481201,992.5509033203124,5.132393174914197e+19,1031.3326416015625,1.4219416259149169e+18,0.2515729367733001,0.0721120610833168,0.7128798961639404,NT,3.713220596313477,1.7905149459838867,1065.5428466796875,-25.004314422607425,-0.001141887390986,2.5095765590667725,115575.3515625,1669739.5,0.2144057154655456,1.178318738937378
194414,4860,5480,592524.25,-2.023216962814331,53128092727069.984,7790759.0,1.7320818901062012,1.3520759344100952,0.5639109015464783,364448.5,80106.25,-3650.46875,6710.21435546875,6871161.0,1193454.3735621134,0.2363680154085159,2.2021307945251465,0.0468026846647262,0.0365156084299087,0.9572476148605348,1.4718729257583618,-15.477347373962402,4.3078813552856445,931.0664672851562,5.410867364490327e+19,960.1398315429688,1.5277887241028895e+18,0.2520617544651031,0.0622653774917125,0.680567741394043,NT,2.184489488601685,1.7989267110824585,990.7888793945312,-15.684014320373535,-0.0013034653384238,5.071443557739258,155715.71875,1204304.75,0.2453393340110778,1.195950627326965
194417,2740,3220,595709.8125,-2.018452405929565,48833727890543.71,7846143.5,1.7372514009475708,1.3551024198532104,0.5587071776390076,358761.875,82430.5234375,22027.36328125,5915.79345703125,5901590.0,2188419.194507733,0.2915770411491394,2.160989761352539,0.0458552837371826,0.0353201366961002,0.9574127197265624,1.4521909952163696,-8.171721458435059,4.180170059204102,1036.9429931640625,4.432710594290568e+19,1010.8919067382812,1.6216857801643786e+18,0.0846761614084243,0.0326126106083393,0.6943598389625549,NT,2.1990649700164795,1.9789615869522093,1039.98974609375,-8.403231620788574,-0.0017176265828311,5.071334838867188,121821.8515625,2183615.25,0.2233621180057525,1.1832268238067627
194417,5040,5520,592981.5625,-2.0233728885650635,53997980078641.52,6938644.5,1.7295631170272827,1.3519848585128784,0.5671997666358948,327081.375,51815.12890625,-70285.0625,5022.0546875,5036342.0,2076960.297055645,0.303952544927597,1.9528499841690063,0.0467302277684211,0.0393363386392593,0.9474064111709596,1.3911136388778689,-3.22237229347229,4.332743644714356,959.4783935546876,4.866574364173769e+19,930.2195434570312,1.8669862745653903e+18,,,,NT,1.3462882041931152,2.0135204792022705,956.51513671875,-3.44072699546814,-0.0019040632760152,5.071262836456299,136159.703125,2073640.75,0.2413434535264969,1.2173471450805664
194418,4100,4580,592964.625,-2.0204720497131348,60962158333304.03,8828840.0,1.7300543785095217,1.3492438793182373,0.5664253234863281,337251.125,57162.5390625,1137.27197265625,6970.5859375,6955908.0,2149390.089437298,0.2692450582981109,2.026986598968506,0.0382209718227386,0.031749702990055,0.8538765907287598,1.2626513242721558,6.146733283996582,4.3151469230651855,916.7179565429688,5.236171679413463e+19,897.4917602539062,2.20708789846383e+18,0.2055453956127166,0.0490297302603721,0.7239515781402588,NT,0.1663702577352523,2.0458743572235107,927.6632080078124,5.926603317260742,5.070412635803223,5.069498538970947,146591.453125,2151500.25,0.2492896318435669,1.2084074020385742
194418,3440,4040,593806.125,-2.0185422897338867,57543558455700.16,8647978.0,1.7337524890899658,1.350502610206604,0.5619819760322571,361551.8125,68771.1484375,-25983.890625,6899.86669921875,6734524.0,2194833.3297902257,0.2856938242912292,2.1861751079559326,0.0417082011699676,0.0337732285261154,0.9249364137649536,1.375267744064331,-2.4374849796295166,4.238356590270996,1004.9512939453124,4.941440550713688e+19,984.6393432617188,2.0524138253485343e+18,0.1221511960029602,0.0321202166378498,0.7958964705467224,NT,1.4607067108154297,2.052996635437012,1017.006591796875,-2.7027475833892822,2.679047107696533,5.070726871490479,130526.5703125,2195439.0,0.2315412312746048,1.1907384395599363
194421,4960,5420,592484.8125,-2.023024559020996,50406851574492.03,6554040.0,1.7558108568191528,1.359452724456787,0.5552022457122803,368245.59375,88246.4453125,-155685.484375,6845.24658203125,6833461.5,-3.501336893586021,0.2422277629375457,2.237926721572876,0.0551919303834438,0.0419690310955047,0.9986634254455566,1.597137451171875,-43.85300064086914,4.072617053985596,1031.19775390625,4.581879137807683e+19,1185.2073974609375,1.4999861982050386e+18,0.5169767737388611,2.860083103179932,0.9238951802253724,NT,5.092075347900391,1.8742918968200684,1225.689453125,-44.03203582763672,-0.0012832075590267,-0.0015594129217788,,-228.8425445556641,0.2580815553665161,1.1715010404586792
194421,4180,4630,593441.875,-2.020836591720581,52510011355669.37,8149891.0,1.759774923324585,1.3608276844024658,0.5530794858932495,428315.96875,117829.0859375,19514.01953125,8626.369140625,8574583.0,85.4791882279952,0.0794187188148498,2.6207873821258545,0.0527913197875022,0.03825419023633,1.027254581451416,1.674145221710205,-56.65724563598633,4.062139511108398,1134.6358642578125,4.427147065454022e+19,1396.35888671875,1.4018785623649812e+18,0.5674834251403809,4.199674129486084,1.186548352241516,NT,6.823526859283447,1.801584959030152,1448.232421875,-56.78987503051758,-0.0014142157742753,-0.0016331061488017,,-1236.6015625,0.1765606105327606,1.157174825668335
194421,2660,3220,594366.875,-2.0180928707122803,48283300512843.52,8125245.0,1.7625224590301514,1.355291724205017,0.5529286861419678,433630.4375,137309.375,-39003.96484375,8551.7119140625,8550201.0,201.8917157673195,0.0987109467387199,2.663868904113769,0.0532260909676551,0.0363689512014389,1.012468338012695,1.7029716968536377,-56.71368789672852,4.011851787567139,1151.625244140625,4.165260548099172e+19,1496.1024169921875,1.3216355165751214e+18,0.8034232258796692,4.508699893951416,1.3070131540298462,NT,6.781152248382568,1.840389847755432,1551.73828125,-56.91802215576172,-0.0013496002648025,-0.0016623144038021,,-2570.111083984375,0.1715238392353058,1.1495145559310913
194421,3330,3840,593875.75,-2.019303321838379,50829702560677.9,8143884.5,1.7608692646026611,1.3593525886535645,0.5522733330726624,435057.3125,126203.84375,-32281.75,8553.0615234375,8569716.0,-65.79804174265035,0.063864029943943,2.6693434715271,0.0533436760306358,0.0378703363239765,1.033827543258667,1.7008715867996216,-56.27082824707031,4.037294864654541,1199.257568359375,4.275279880597694e+19,1447.22509765625,1.3514237604727355e+18,0.5755916833877563,4.151920318603516,1.1911144256591797,NT,6.786144256591797,1.8062926530838013,1503.861083984375,-56.49557113647461,-0.0012602625647559,-0.0016122513916343,,1273.4998779296875,0.1674589365720749,1.1515716314315796
194422,2600,3080,595074.25,-2.016073942184448,48512046484821.85,10074945.0,1.7640732526779177,1.350325584411621,0.5531638860702515,448617.0625,156869.640625,192497.40625,9739.8017578125,9505866.0,1801736.734002664,0.0265722759068012,2.773258686065674,0.0460846871137619,0.029964230954647,0.9431511163711548,1.609453201293945,-55.1329231262207,3.996131896972656,1405.4298095703125,4.010325285996698e+19,1728.313720703125,1.408891110087983e+18,0.1513696610927581,0.2791517674922943,2.663447380065918,NT,7.909681797027588,1.872796654701233,1781.911376953125,-55.68132400512695,-0.0010386812500655,-0.0012734414776787,77227.0390625,1092380.0,0.1343198120594024,1.142310619354248
194422,3270,3760,594197.0,-2.017573833465576,57186920181560.57,9087304.0,1.7617079019546509,1.3564852476119995,0.5521016716957092,452183.34375,119228.7890625,-52798.63671875,9738.3974609375,9578735.0,223.8957621307595,0.0696742609143257,2.7920055389404297,0.0495844520628452,0.0365058816969394,1.0305620431900024,1.6552205085754397,-70.94449615478516,4.036493301391602,1204.6728515625,4.369345299377186e+19,1685.485107421875,1.4668841637002609e+18,2.001630544662476,3.511186122894287,1.7167484760284424,NT,7.904117107391357,1.7811944484710691,1737.90625,-71.40140533447266,-0.0011131020728498,-0.00129733257927,99736.328125,-926.70947265625,0.1595953553915023,1.1448436975479126
194423,5060,5500,584377.875,-1.211370825767517,44197183092267.48,1130654.625,1.745712161064148,1.4119607210159302,0.5600710511207581,167914.75,6054.20849609375,-3513.147705078125,1014.8375244140624,839375.3125,0.0,0.5831543803215027,1.6156609058380127,0.1483656466007232,0.1430290788412094,1.104987621307373,1.9785525798797607,-10.476773262023926,2.649148941040039,644.6041870117188,4.3344723089813406e+19,756.3333129882812,1.7024921882245202e+18,,,,NT,0.178066998720169,2.090592622756958,765.4500122070312,-10.52326488494873,-0.0012079934822395,1.2555687427520752,342012.03125,0.0,0.5907946228981018,1.2705293893814087
194423,2660,3880,589823.75,-1.2120146751403809,44025709746691.81,1134664.0,1.7459324598312378,1.403955340385437,0.5608813762664795,196381.1875,7803.3076171875,-1702.1842041015625,1067.5810546875,895300.9375,0.0,0.4961838722229004,1.878896117210388,0.1765601187944412,0.169555515050888,1.287299394607544,2.314758777618408,-33.85463333129883,2.61068081855774,733.0509033203125,4.2717403327655576e+19,917.6439819335938,1.8144764854408315e+18,1.0134598016738892,0.0426242239773273,0.79632568359375,NT,0.5145096778869629,2.148279905319214,925.6975708007812,-33.89093780517578,-0.0012046738993376,0.8231959342956543,293485.6875,0.0,0.4978057146072387,1.2638472318649292
